route,route_length_m,route_heading_deg,flight_count,route_length_km
R1,472.7266493271712,3.4997524866271874,182,0.4727266493271712
