{
  "cpu": {
    "execute_ms": [
      955.6295830116142
    ],
    "execute_ms_avg": 955.6295830116142,
    "execute_ms_max": 955.6295830116142,
    "execute_ms_min": 955.6295830116142,
    "fetch_ms": [
      5.970544996671379
    ],
    "fetch_ms_avg": 5.970544996671379,
    "framework": "snpe",
    "init_code": 0,
    "init_ms": 154.30706800543703,
    "input_name": "input",
    "mode": 5,
    "model": "/home/fibo/fibocom_slz/modules/fiboaistack_229_env/outputs/radio_map_liteunet.dlc",
    "ok": true,
    "output_len": 65536,
    "output_max": 2.5786473751068115,
    "output_mean": 0.49528732895851135,
    "output_min": -1.461552381515503,
    "output_name": "output",
    "output_npy": "/home/fibo/fibocom_slz/modules/radio_map_qcs6490_deploy/outputs/snpe_gpu_repro_test100/samples/103_k1_cpu_snpe.npy",
    "release_code": 0,
    "repeat": 1,
    "runtime": "CPU",
    "sample": {
      "has_valid_mask": true,
      "has_y": true,
      "sample_path": "/home/fibo/fibocom_slz/modules/radio-map-estimation-workbench/modules/m2/runs/datas/features/v1_base_256_k1_landuse3/103_k1.npz",
      "x_shape_chw": [
        7,
        256,
        256
      ],
      "x_shape_nhwc": [
        1,
        256,
        256,
        7
      ]
    },
    "sample_id": "103_k1",
    "warmup": 1
  },
  "diff": {
    "abs_diff_max": 0.006716489791870117,
    "abs_diff_mean": 0.0010384938213974237,
    "cpu_max": 2.5786473751068115,
    "cpu_mean": 0.49528732895851135,
    "cpu_min": -1.461552381515503,
    "diff_mean": -0.0004545516858343035,
    "gpu_max": 2.576171875,
    "gpu_mean": 0.49483275413513184,
    "gpu_min": -1.4599609375,
    "rmse": 0.0012454817770048976,
    "shape": [
      256,
      256
    ]
  },
  "gpu": {
    "execute_ms": [
      306.99618099606596
    ],
    "execute_ms_avg": 306.99618099606596,
    "execute_ms_max": 306.99618099606596,
    "execute_ms_min": 306.99618099606596,
    "fetch_ms": [
      21.605571993859485
    ],
    "fetch_ms_avg": 21.605571993859485,
    "framework": "snpe",
    "init_code": 0,
    "init_ms": 1093.892409990076,
    "input_name": "input",
    "mode": 5,
    "model": "/home/fibo/fibocom_slz/modules/fiboaistack_229_env/outputs/radio_map_liteunet.dlc",
    "ok": true,
    "output_len": 65536,
    "output_max": 2.576171875,
    "output_mean": 0.49483275413513184,
    "output_min": -1.4599609375,
    "output_name": "output",
    "output_npy": "/home/fibo/fibocom_slz/modules/radio_map_qcs6490_deploy/outputs/snpe_gpu_repro_test100/samples/103_k1_gpu_snpe.npy",
    "release_code": 0,
    "repeat": 1,
    "runtime": "GPU",
    "sample": {
      "has_valid_mask": true,
      "has_y": true,
      "sample_path": "/home/fibo/fibocom_slz/modules/radio-map-estimation-workbench/modules/m2/runs/datas/features/v1_base_256_k1_landuse3/103_k1.npz",
      "x_shape_chw": [
        7,
        256,
        256
      ],
      "x_shape_nhwc": [
        1,
        256,
        256,
        7
      ]
    },
    "sample_id": "103_k1",
    "warmup": 1
  },
  "real_sample_metrics": {
    "cpu_gpu_dbm_diff": {
      "abs_diff_max_db": 0.0860595703125,
      "abs_diff_mean_db": 0.013306093402206898,
      "rmse_db": 0.015958189964294434
    },
    "cpu_vs_label": {
      "label_dbm_max": -77.75,
      "label_dbm_mean": -117.06806945800781,
      "label_dbm_min": -140.0,
      "mae_db": 1.3563460111618042,
      "pred_dbm_max": -89.543701171875,
      "pred_dbm_mean": -116.23786926269531,
      "pred_dbm_min": -141.31094360351562,
      "psnr_db": 27.63227459889043,
      "rmse_db": 2.585387387495423,
      "valid_pixels": 65536
    },
    "gpu_vs_label": {
      "label_dbm_max": -77.75,
      "label_dbm_mean": -117.06806945800781,
      "label_dbm_min": -140.0,
      "mae_db": 1.3562768697738647,
      "pred_dbm_max": -89.57542419433594,
      "pred_dbm_mean": -116.24369812011719,
      "pred_dbm_min": -141.29055786132812,
      "psnr_db": 27.636068707338204,
      "rmse_db": 2.58425830360799,
      "valid_pixels": 65536
    },
    "label_norm": {
      "type": "standard",
      "y_mean": -122.58401346206665,
      "y_std": 12.813038764458584
    },
    "ok": true
  },
  "sample_id": "103_k1"
}