{
  "cpu": {
    "execute_ms": [
      916.535891010426
    ],
    "execute_ms_avg": 916.535891010426,
    "execute_ms_max": 916.535891010426,
    "execute_ms_min": 916.535891010426,
    "fetch_ms": [
      5.840330006321892
    ],
    "fetch_ms_avg": 5.840330006321892,
    "framework": "snpe",
    "init_code": 0,
    "init_ms": 142.35042201471515,
    "input_name": "input",
    "mode": 5,
    "model": "/home/fibo/fibocom_slz/modules/fiboaistack_229_env/outputs/radio_map_liteunet.dlc",
    "ok": true,
    "output_len": 65536,
    "output_max": 2.5768632888793945,
    "output_mean": 0.4672335982322693,
    "output_min": -1.4725804328918457,
    "output_name": "output",
    "output_npy": "/home/fibo/fibocom_slz/modules/radio_map_qcs6490_deploy/outputs/snpe_gpu_repro_test100/samples/103_k0_cpu_snpe.npy",
    "release_code": 0,
    "repeat": 1,
    "runtime": "CPU",
    "sample": {
      "has_valid_mask": true,
      "has_y": true,
      "sample_path": "/home/fibo/fibocom_slz/modules/radio-map-estimation-workbench/modules/m2/runs/datas/features/v1_base_256_k1_landuse3/103_k0.npz",
      "x_shape_chw": [
        7,
        256,
        256
      ],
      "x_shape_nhwc": [
        1,
        256,
        256,
        7
      ]
    },
    "sample_id": "103_k0",
    "warmup": 1
  },
  "diff": {
    "abs_diff_max": 0.006237030029296875,
    "abs_diff_mean": 0.0010076543549075723,
    "cpu_max": 2.5768632888793945,
    "cpu_mean": 0.4672335982322693,
    "cpu_min": -1.4725804328918457,
    "diff_mean": -0.00045617844443768263,
    "gpu_max": 2.57421875,
    "gpu_mean": 0.4667774438858032,
    "gpu_min": -1.4716796875,
    "rmse": 0.0011828591814264655,
    "shape": [
      256,
      256
    ]
  },
  "gpu": {
    "execute_ms": [
      315.7252410019282
    ],
    "execute_ms_avg": 315.7252410019282,
    "execute_ms_max": 315.7252410019282,
    "execute_ms_min": 315.7252410019282,
    "fetch_ms": [
      24.08654900500551
    ],
    "fetch_ms_avg": 24.08654900500551,
    "framework": "snpe",
    "init_code": 0,
    "init_ms": 1223.9062399894465,
    "input_name": "input",
    "mode": 5,
    "model": "/home/fibo/fibocom_slz/modules/fiboaistack_229_env/outputs/radio_map_liteunet.dlc",
    "ok": true,
    "output_len": 65536,
    "output_max": 2.57421875,
    "output_mean": 0.4667774438858032,
    "output_min": -1.4716796875,
    "output_name": "output",
    "output_npy": "/home/fibo/fibocom_slz/modules/radio_map_qcs6490_deploy/outputs/snpe_gpu_repro_test100/samples/103_k0_gpu_snpe.npy",
    "release_code": 0,
    "repeat": 1,
    "runtime": "GPU",
    "sample": {
      "has_valid_mask": true,
      "has_y": true,
      "sample_path": "/home/fibo/fibocom_slz/modules/radio-map-estimation-workbench/modules/m2/runs/datas/features/v1_base_256_k1_landuse3/103_k0.npz",
      "x_shape_chw": [
        7,
        256,
        256
      ],
      "x_shape_nhwc": [
        1,
        256,
        256,
        7
      ]
    },
    "sample_id": "103_k0",
    "warmup": 1
  },
  "real_sample_metrics": {
    "cpu_gpu_dbm_diff": {
      "abs_diff_max_db": 0.07991790771484375,
      "abs_diff_mean_db": 0.012911061756312847,
      "rmse_db": 0.015155955217778683
    },
    "cpu_vs_label": {
      "label_dbm_max": -78.75,
      "label_dbm_mean": -116.72602844238281,
      "label_dbm_min": -140.0,
      "mae_db": 1.1155121326446533,
      "pred_dbm_max": -89.56656646728516,
      "pred_dbm_mean": -116.59732818603516,
      "pred_dbm_min": -141.45223999023438,
      "psnr_db": 28.541979866636005,
      "rmse_db": 2.290905103432294,
      "valid_pixels": 65536
    },
    "gpu_vs_label": {
      "label_dbm_max": -78.75,
      "label_dbm_mean": -116.72602844238281,
      "label_dbm_min": -140.0,
      "mae_db": 1.1168594360351562,
      "pred_dbm_max": -89.60044860839844,
      "pred_dbm_mean": -116.6031723022461,
      "pred_dbm_min": -141.44070434570312,
      "psnr_db": 28.544474752783188,
      "rmse_db": 2.2902471712143053,
      "valid_pixels": 65536
    },
    "label_norm": {
      "type": "standard",
      "y_mean": -122.58401346206665,
      "y_std": 12.813038764458584
    },
    "ok": true
  },
  "sample_id": "103_k0"
}