{
  "cpu": {
    "execute_ms": [
      939.7537309851032
    ],
    "execute_ms_avg": 939.7537309851032,
    "execute_ms_max": 939.7537309851032,
    "execute_ms_min": 939.7537309851032,
    "fetch_ms": [
      6.321730004856363
    ],
    "fetch_ms_avg": 6.321730004856363,
    "framework": "snpe",
    "init_code": 0,
    "init_ms": 147.7640609955415,
    "input_name": "input",
    "mode": 5,
    "model": "/home/fibo/fibocom_slz/modules/fiboaistack_229_env/outputs/radio_map_liteunet.dlc",
    "ok": true,
    "output_len": 65536,
    "output_max": 3.0064992904663086,
    "output_mean": -0.6794507503509521,
    "output_min": -1.493493914604187,
    "output_name": "output",
    "output_npy": "/home/fibo/fibocom_slz/modules/radio_map_qcs6490_deploy/outputs/snpe_gpu_repro_test100/samples/127_k0_cpu_snpe.npy",
    "release_code": 0,
    "repeat": 1,
    "runtime": "CPU",
    "sample": {
      "has_valid_mask": true,
      "has_y": true,
      "sample_path": "/home/fibo/fibocom_slz/modules/radio-map-estimation-workbench/modules/m2/runs/datas/features/v1_base_256_k1_landuse3/127_k0.npz",
      "x_shape_chw": [
        7,
        256,
        256
      ],
      "x_shape_nhwc": [
        1,
        256,
        256,
        7
      ]
    },
    "sample_id": "127_k0",
    "warmup": 1
  },
  "diff": {
    "abs_diff_max": 0.010192394256591797,
    "abs_diff_mean": 0.0015603434294462204,
    "cpu_max": 3.0064992904663086,
    "cpu_mean": -0.6794507503509521,
    "cpu_min": -1.493493914604187,
    "diff_mean": 0.0013115683104842901,
    "gpu_max": 3.00390625,
    "gpu_mean": -0.6781392097473145,
    "gpu_min": -1.4912109375,
    "rmse": 0.0017459808150306344,
    "shape": [
      256,
      256
    ]
  },
  "gpu": {
    "execute_ms": [
      316.50333901052363
    ],
    "execute_ms_avg": 316.50333901052363,
    "execute_ms_max": 316.50333901052363,
    "execute_ms_min": 316.50333901052363,
    "fetch_ms": [
      21.975242998450994
    ],
    "fetch_ms_avg": 21.975242998450994,
    "framework": "snpe",
    "init_code": 0,
    "init_ms": 1068.7110989820212,
    "input_name": "input",
    "mode": 5,
    "model": "/home/fibo/fibocom_slz/modules/fiboaistack_229_env/outputs/radio_map_liteunet.dlc",
    "ok": true,
    "output_len": 65536,
    "output_max": 3.00390625,
    "output_mean": -0.6781392097473145,
    "output_min": -1.4912109375,
    "output_name": "output",
    "output_npy": "/home/fibo/fibocom_slz/modules/radio_map_qcs6490_deploy/outputs/snpe_gpu_repro_test100/samples/127_k0_gpu_snpe.npy",
    "release_code": 0,
    "repeat": 1,
    "runtime": "GPU",
    "sample": {
      "has_valid_mask": true,
      "has_y": true,
      "sample_path": "/home/fibo/fibocom_slz/modules/radio-map-estimation-workbench/modules/m2/runs/datas/features/v1_base_256_k1_landuse3/127_k0.npz",
      "x_shape_chw": [
        7,
        256,
        256
      ],
      "x_shape_nhwc": [
        1,
        256,
        256,
        7
      ]
    },
    "sample_id": "127_k0",
    "warmup": 1
  },
  "real_sample_metrics": {
    "cpu_gpu_dbm_diff": {
      "abs_diff_max_db": 0.13059234619140625,
      "abs_diff_mean_db": 0.019992120563983917,
      "rmse_db": 0.022370606660842896
    },
    "cpu_vs_label": {
      "label_dbm_max": -82.75,
      "label_dbm_mean": -130.04266357421875,
      "label_dbm_min": -140.0,
      "mae_db": 2.2792327404022217,
      "pred_dbm_max": -84.0616226196289,
      "pred_dbm_mean": -131.2898406982422,
      "pred_dbm_min": -141.72021484375,
      "psnr_db": 22.441497587125156,
      "rmse_db": 4.322157729603953,
      "valid_pixels": 65536
    },
    "gpu_vs_label": {
      "label_dbm_max": -82.75,
      "label_dbm_mean": -130.04266357421875,
      "label_dbm_min": -140.0,
      "mae_db": 2.285926342010498,
      "pred_dbm_max": -84.0948486328125,
      "pred_dbm_mean": -131.27304077148438,
      "pred_dbm_min": -141.6909637451172,
      "psnr_db": 22.454509647010468,
      "rmse_db": 4.315687687644364,
      "valid_pixels": 65536
    },
    "label_norm": {
      "type": "standard",
      "y_mean": -122.58401346206665,
      "y_std": 12.813038764458584
    },
    "ok": true
  },
  "sample_id": "127_k0"
}