{
  "cpu": {
    "execute_ms": [
      959.2082199815195
    ],
    "execute_ms_avg": 959.2082199815195,
    "execute_ms_max": 959.2082199815195,
    "execute_ms_min": 959.2082199815195,
    "fetch_ms": [
      5.780618987046182
    ],
    "fetch_ms_avg": 5.780618987046182,
    "framework": "snpe",
    "init_code": 0,
    "init_ms": 142.25302200065926,
    "input_name": "input",
    "mode": 5,
    "model": "/home/fibo/fibocom_slz/modules/fiboaistack_229_env/outputs/radio_map_liteunet.dlc",
    "ok": true,
    "output_len": 65536,
    "output_max": 2.838135004043579,
    "output_mean": -0.46928510069847107,
    "output_min": -1.451629400253296,
    "output_name": "output",
    "output_npy": "/home/fibo/fibocom_slz/modules/radio_map_qcs6490_deploy/outputs/snpe_gpu_repro_test100/samples/127_k1_cpu_snpe.npy",
    "release_code": 0,
    "repeat": 1,
    "runtime": "CPU",
    "sample": {
      "has_valid_mask": true,
      "has_y": true,
      "sample_path": "/home/fibo/fibocom_slz/modules/radio-map-estimation-workbench/modules/m2/runs/datas/features/v1_base_256_k1_landuse3/127_k1.npz",
      "x_shape_chw": [
        7,
        256,
        256
      ],
      "x_shape_nhwc": [
        1,
        256,
        256,
        7
      ]
    },
    "sample_id": "127_k1",
    "warmup": 1
  },
  "diff": {
    "abs_diff_max": 0.007276058197021484,
    "abs_diff_mean": 0.0010298768756911159,
    "cpu_max": 2.838135004043579,
    "cpu_mean": -0.46928510069847107,
    "cpu_min": -1.451629400253296,
    "diff_mean": 0.0002045641012955457,
    "gpu_max": 2.833984375,
    "gpu_mean": -0.46908053755760193,
    "gpu_min": -1.4501953125,
    "rmse": 0.0012379505205899477,
    "shape": [
      256,
      256
    ]
  },
  "gpu": {
    "execute_ms": [
      285.15155700733885
    ],
    "execute_ms_avg": 285.15155700733885,
    "execute_ms_max": 285.15155700733885,
    "execute_ms_min": 285.15155700733885,
    "fetch_ms": [
      21.38460401329212
    ],
    "fetch_ms_avg": 21.38460401329212,
    "framework": "snpe",
    "init_code": 0,
    "init_ms": 1075.3555900009815,
    "input_name": "input",
    "mode": 5,
    "model": "/home/fibo/fibocom_slz/modules/fiboaistack_229_env/outputs/radio_map_liteunet.dlc",
    "ok": true,
    "output_len": 65536,
    "output_max": 2.833984375,
    "output_mean": -0.46908053755760193,
    "output_min": -1.4501953125,
    "output_name": "output",
    "output_npy": "/home/fibo/fibocom_slz/modules/radio_map_qcs6490_deploy/outputs/snpe_gpu_repro_test100/samples/127_k1_gpu_snpe.npy",
    "release_code": 0,
    "repeat": 1,
    "runtime": "GPU",
    "sample": {
      "has_valid_mask": true,
      "has_y": true,
      "sample_path": "/home/fibo/fibocom_slz/modules/radio-map-estimation-workbench/modules/m2/runs/datas/features/v1_base_256_k1_landuse3/127_k1.npz",
      "x_shape_chw": [
        7,
        256,
        256
      ],
      "x_shape_nhwc": [
        1,
        256,
        256,
        7
      ]
    },
    "sample_id": "127_k1",
    "warmup": 1
  },
  "real_sample_metrics": {
    "cpu_gpu_dbm_diff": {
      "abs_diff_max_db": 0.093231201171875,
      "abs_diff_mean_db": 0.013195030391216278,
      "rmse_db": 0.015861060470342636
    },
    "cpu_vs_label": {
      "label_dbm_max": -78.75,
      "label_dbm_mean": -129.31312561035156,
      "label_dbm_min": -140.0,
      "mae_db": 2.0449697971343994,
      "pred_dbm_max": -86.21887969970703,
      "pred_dbm_mean": -128.59698486328125,
      "pred_dbm_min": -141.1837921142578,
      "psnr_db": 24.49040641704396,
      "rmse_db": 3.6524625544681486,
      "valid_pixels": 65536
    },
    "gpu_vs_label": {
      "label_dbm_max": -78.75,
      "label_dbm_mean": -129.31312561035156,
      "label_dbm_min": -140.0,
      "mae_db": 2.047623872756958,
      "pred_dbm_max": -86.27206420898438,
      "pred_dbm_mean": -128.5943603515625,
      "pred_dbm_min": -141.16542053222656,
      "psnr_db": 24.494996896198742,
      "rmse_db": 3.6505327436888084,
      "valid_pixels": 65536
    },
    "label_norm": {
      "type": "standard",
      "y_mean": -122.58401346206665,
      "y_std": 12.813038764458584
    },
    "ok": true
  },
  "sample_id": "127_k1"
}