{
  "cpu": {
    "execute_ms": [
      907.5796729885042
    ],
    "execute_ms_avg": 907.5796729885042,
    "execute_ms_max": 907.5796729885042,
    "execute_ms_min": 907.5796729885042,
    "fetch_ms": [
      6.171191023895517
    ],
    "fetch_ms_avg": 6.171191023895517,
    "framework": "snpe",
    "init_code": 0,
    "init_ms": 144.3659079959616,
    "input_name": "input",
    "mode": 5,
    "model": "/home/fibo/fibocom_slz/modules/fiboaistack_229_env/outputs/radio_map_liteunet.dlc",
    "ok": true,
    "output_len": 65536,
    "output_max": 2.669187068939209,
    "output_mean": 0.6128265857696533,
    "output_min": -1.4919462203979492,
    "output_name": "output",
    "output_npy": "/home/fibo/fibocom_slz/modules/radio_map_qcs6490_deploy/outputs/snpe_gpu_repro_test100/samples/159_k1_cpu_snpe.npy",
    "release_code": 0,
    "repeat": 1,
    "runtime": "CPU",
    "sample": {
      "has_valid_mask": true,
      "has_y": true,
      "sample_path": "/home/fibo/fibocom_slz/modules/radio-map-estimation-workbench/modules/m2/runs/datas/features/v1_base_256_k1_landuse3/159_k1.npz",
      "x_shape_chw": [
        7,
        256,
        256
      ],
      "x_shape_nhwc": [
        1,
        256,
        256,
        7
      ]
    },
    "sample_id": "159_k1",
    "warmup": 1
  },
  "diff": {
    "abs_diff_max": 0.0064182281494140625,
    "abs_diff_mean": 0.0007934775203466415,
    "cpu_max": 2.669187068939209,
    "cpu_mean": 0.6128265857696533,
    "cpu_min": -1.4919462203979492,
    "diff_mean": -0.0003508359659463167,
    "gpu_max": 2.6640625,
    "gpu_mean": 0.6124756932258606,
    "gpu_min": -1.4912109375,
    "rmse": 0.0010185865685343742,
    "shape": [
      256,
      256
    ]
  },
  "gpu": {
    "execute_ms": [
      307.053274998907
    ],
    "execute_ms_avg": 307.053274998907,
    "execute_ms_max": 307.053274998907,
    "execute_ms_min": 307.053274998907,
    "fetch_ms": [
      26.689272985095158
    ],
    "fetch_ms_avg": 26.689272985095158,
    "framework": "snpe",
    "init_code": 0,
    "init_ms": 1073.364584997762,
    "input_name": "input",
    "mode": 5,
    "model": "/home/fibo/fibocom_slz/modules/fiboaistack_229_env/outputs/radio_map_liteunet.dlc",
    "ok": true,
    "output_len": 65536,
    "output_max": 2.6640625,
    "output_mean": 0.6124756932258606,
    "output_min": -1.4912109375,
    "output_name": "output",
    "output_npy": "/home/fibo/fibocom_slz/modules/radio_map_qcs6490_deploy/outputs/snpe_gpu_repro_test100/samples/159_k1_gpu_snpe.npy",
    "release_code": 0,
    "repeat": 1,
    "runtime": "GPU",
    "sample": {
      "has_valid_mask": true,
      "has_y": true,
      "sample_path": "/home/fibo/fibocom_slz/modules/radio-map-estimation-workbench/modules/m2/runs/datas/features/v1_base_256_k1_landuse3/159_k1.npz",
      "x_shape_chw": [
        7,
        256,
        256
      ],
      "x_shape_nhwc": [
        1,
        256,
        256,
        7
      ]
    },
    "sample_id": "159_k1",
    "warmup": 1
  },
  "real_sample_metrics": {
    "cpu_gpu_dbm_diff": {
      "abs_diff_max_db": 0.08223724365234375,
      "abs_diff_mean_db": 0.010166728869080544,
      "rmse_db": 0.013050993904471397
    },
    "cpu_vs_label": {
      "label_dbm_max": -82.75,
      "label_dbm_mean": -115.74703979492188,
      "label_dbm_min": -140.0,
      "mae_db": 1.9324843883514404,
      "pred_dbm_max": -88.38362121582031,
      "pred_dbm_mean": -114.73185729980469,
      "pred_dbm_min": -141.70037841796875,
      "psnr_db": 25.307615682607654,
      "rmse_db": 3.1073824378291772,
      "valid_pixels": 65536
    },
    "gpu_vs_label": {
      "label_dbm_max": -82.75,
      "label_dbm_mean": -115.74703979492188,
      "label_dbm_min": -140.0,
      "mae_db": 1.9288100004196167,
      "pred_dbm_max": -88.44927978515625,
      "pred_dbm_mean": -114.73634338378906,
      "pred_dbm_min": -141.6909637451172,
      "psnr_db": 25.318568270322782,
      "rmse_db": 3.1034666121149437,
      "valid_pixels": 65536
    },
    "label_norm": {
      "type": "standard",
      "y_mean": -122.58401346206665,
      "y_std": 12.813038764458584
    },
    "ok": true
  },
  "sample_id": "159_k1"
}