{
  "cpu": {
    "execute_ms": [
      964.8596979968715
    ],
    "execute_ms_avg": 964.8596979968715,
    "execute_ms_max": 964.8596979968715,
    "execute_ms_min": 964.8596979968715,
    "fetch_ms": [
      5.3793410188518465
    ],
    "fetch_ms_avg": 5.3793410188518465,
    "framework": "snpe",
    "init_code": 0,
    "init_ms": 144.8846299899742,
    "input_name": "input",
    "mode": 5,
    "model": "/home/fibo/fibocom_slz/modules/fiboaistack_229_env/outputs/radio_map_liteunet.dlc",
    "ok": true,
    "output_len": 65536,
    "output_max": 2.722686767578125,
    "output_mean": -0.32084476947784424,
    "output_min": -1.5066498517990112,
    "output_name": "output",
    "output_npy": "/home/fibo/fibocom_slz/modules/radio_map_qcs6490_deploy/outputs/snpe_gpu_repro_test100/samples/163_k1_cpu_snpe.npy",
    "release_code": 0,
    "repeat": 1,
    "runtime": "CPU",
    "sample": {
      "has_valid_mask": true,
      "has_y": true,
      "sample_path": "/home/fibo/fibocom_slz/modules/radio-map-estimation-workbench/modules/m2/runs/datas/features/v1_base_256_k1_landuse3/163_k1.npz",
      "x_shape_chw": [
        7,
        256,
        256
      ],
      "x_shape_nhwc": [
        1,
        256,
        256,
        7
      ]
    },
    "sample_id": "163_k1",
    "warmup": 1
  },
  "diff": {
    "abs_diff_max": 0.006134033203125,
    "abs_diff_mean": 0.0008931359625421464,
    "cpu_max": 2.722686767578125,
    "cpu_mean": -0.32084476947784424,
    "cpu_min": -1.5066498517990112,
    "diff_mean": 5.581788718700409e-05,
    "gpu_max": 2.720703125,
    "gpu_mean": -0.3207889795303345,
    "gpu_min": -1.505859375,
    "rmse": 0.0011114201042801142,
    "shape": [
      256,
      256
    ]
  },
  "gpu": {
    "execute_ms": [
      312.6797830045689
    ],
    "execute_ms_avg": 312.6797830045689,
    "execute_ms_max": 312.6797830045689,
    "execute_ms_min": 312.6797830045689,
    "fetch_ms": [
      21.238863992039114
    ],
    "fetch_ms_avg": 21.238863992039114,
    "framework": "snpe",
    "init_code": 0,
    "init_ms": 1069.781286001671,
    "input_name": "input",
    "mode": 5,
    "model": "/home/fibo/fibocom_slz/modules/fiboaistack_229_env/outputs/radio_map_liteunet.dlc",
    "ok": true,
    "output_len": 65536,
    "output_max": 2.720703125,
    "output_mean": -0.3207889795303345,
    "output_min": -1.505859375,
    "output_name": "output",
    "output_npy": "/home/fibo/fibocom_slz/modules/radio_map_qcs6490_deploy/outputs/snpe_gpu_repro_test100/samples/163_k1_gpu_snpe.npy",
    "release_code": 0,
    "repeat": 1,
    "runtime": "GPU",
    "sample": {
      "has_valid_mask": true,
      "has_y": true,
      "sample_path": "/home/fibo/fibocom_slz/modules/radio-map-estimation-workbench/modules/m2/runs/datas/features/v1_base_256_k1_landuse3/163_k1.npz",
      "x_shape_chw": [
        7,
        256,
        256
      ],
      "x_shape_nhwc": [
        1,
        256,
        256,
        7
      ]
    },
    "sample_id": "163_k1",
    "warmup": 1
  },
  "real_sample_metrics": {
    "cpu_gpu_dbm_diff": {
      "abs_diff_max_db": 0.0785980224609375,
      "abs_diff_mean_db": 0.011443914845585823,
      "rmse_db": 0.014240844175219536
    },
    "cpu_vs_label": {
      "label_dbm_max": -78.75,
      "label_dbm_mean": -126.85577392578125,
      "label_dbm_min": -140.0,
      "mae_db": 2.1173882484436035,
      "pred_dbm_max": -87.6981201171875,
      "pred_dbm_mean": -126.69500732421875,
      "pred_dbm_min": -141.88877868652344,
      "psnr_db": 24.955041861907628,
      "rmse_db": 3.462214731522002,
      "valid_pixels": 65536
    },
    "gpu_vs_label": {
      "label_dbm_max": -78.75,
      "label_dbm_mean": -126.85577392578125,
      "label_dbm_min": -140.0,
      "mae_db": 2.1218552589416504,
      "pred_dbm_max": -87.72354125976562,
      "pred_dbm_mean": -126.69429016113281,
      "pred_dbm_min": -141.87864685058594,
      "psnr_db": 24.95589365852461,
      "rmse_db": 3.4618752201629146,
      "valid_pixels": 65536
    },
    "label_norm": {
      "type": "standard",
      "y_mean": -122.58401346206665,
      "y_std": 12.813038764458584
    },
    "ok": true
  },
  "sample_id": "163_k1"
}