{
  "cpu": {
    "execute_ms": [
      904.7487390052993
    ],
    "execute_ms_avg": 904.7487390052993,
    "execute_ms_max": 904.7487390052993,
    "execute_ms_min": 904.7487390052993,
    "fetch_ms": [
      5.3560670057777315
    ],
    "fetch_ms_avg": 5.3560670057777315,
    "framework": "snpe",
    "init_code": 0,
    "init_ms": 154.07921600854024,
    "input_name": "input",
    "mode": 5,
    "model": "/home/fibo/fibocom_slz/modules/fiboaistack_229_env/outputs/radio_map_liteunet.dlc",
    "ok": true,
    "output_len": 65536,
    "output_max": 3.0086448192596436,
    "output_mean": 0.18505147099494934,
    "output_min": -1.498002052307129,
    "output_name": "output",
    "output_npy": "/home/fibo/fibocom_slz/modules/radio_map_qcs6490_deploy/outputs/snpe_gpu_repro_test100/samples/166_k1_cpu_snpe.npy",
    "release_code": 0,
    "repeat": 1,
    "runtime": "CPU",
    "sample": {
      "has_valid_mask": true,
      "has_y": true,
      "sample_path": "/home/fibo/fibocom_slz/modules/radio-map-estimation-workbench/modules/m2/runs/datas/features/v1_base_256_k1_landuse3/166_k1.npz",
      "x_shape_chw": [
        7,
        256,
        256
      ],
      "x_shape_nhwc": [
        1,
        256,
        256,
        7
      ]
    },
    "sample_id": "166_k1",
    "warmup": 1
  },
  "diff": {
    "abs_diff_max": 0.006171226501464844,
    "abs_diff_mean": 0.0006987573578953743,
    "cpu_max": 3.0086448192596436,
    "cpu_mean": 0.18505147099494934,
    "cpu_min": -1.498002052307129,
    "diff_mean": 2.5384888431290165e-05,
    "gpu_max": 3.005859375,
    "gpu_mean": 0.18507687747478485,
    "gpu_min": -1.49609375,
    "rmse": 0.0009575799340382218,
    "shape": [
      256,
      256
    ]
  },
  "gpu": {
    "execute_ms": [
      291.89762999885716
    ],
    "execute_ms_avg": 291.89762999885716,
    "execute_ms_max": 291.89762999885716,
    "execute_ms_min": 291.89762999885716,
    "fetch_ms": [
      21.086199005367234
    ],
    "fetch_ms_avg": 21.086199005367234,
    "framework": "snpe",
    "init_code": 0,
    "init_ms": 1285.7345280062873,
    "input_name": "input",
    "mode": 5,
    "model": "/home/fibo/fibocom_slz/modules/fiboaistack_229_env/outputs/radio_map_liteunet.dlc",
    "ok": true,
    "output_len": 65536,
    "output_max": 3.005859375,
    "output_mean": 0.18507687747478485,
    "output_min": -1.49609375,
    "output_name": "output",
    "output_npy": "/home/fibo/fibocom_slz/modules/radio_map_qcs6490_deploy/outputs/snpe_gpu_repro_test100/samples/166_k1_gpu_snpe.npy",
    "release_code": 0,
    "repeat": 1,
    "runtime": "GPU",
    "sample": {
      "has_valid_mask": true,
      "has_y": true,
      "sample_path": "/home/fibo/fibocom_slz/modules/radio-map-estimation-workbench/modules/m2/runs/datas/features/v1_base_256_k1_landuse3/166_k1.npz",
      "x_shape_chw": [
        7,
        256,
        256
      ],
      "x_shape_nhwc": [
        1,
        256,
        256,
        7
      ]
    },
    "sample_id": "166_k1",
    "warmup": 1
  },
  "real_sample_metrics": {
    "cpu_gpu_dbm_diff": {
      "abs_diff_max_db": 0.079071044921875,
      "abs_diff_mean_db": 0.008953229524195194,
      "rmse_db": 0.012269540689885616
    },
    "cpu_vs_label": {
      "label_dbm_max": -78.75,
      "label_dbm_mean": -121.35371398925781,
      "label_dbm_min": -140.0,
      "mae_db": 2.6622681617736816,
      "pred_dbm_max": -84.03413391113281,
      "pred_dbm_mean": -120.21293640136719,
      "pred_dbm_min": -141.77796936035156,
      "psnr_db": 24.38635559251982,
      "rmse_db": 3.6964795969303634,
      "valid_pixels": 65536
    },
    "gpu_vs_label": {
      "label_dbm_max": -78.75,
      "label_dbm_mean": -121.35371398925781,
      "label_dbm_min": -140.0,
      "mae_db": 2.664663314819336,
      "pred_dbm_max": -84.06982421875,
      "pred_dbm_mean": -120.21261596679688,
      "pred_dbm_min": -141.75352478027344,
      "psnr_db": 24.38853371850698,
      "rmse_db": 3.6955527616627797,
      "valid_pixels": 65536
    },
    "label_norm": {
      "type": "standard",
      "y_mean": -122.58401346206665,
      "y_std": 12.813038764458584
    },
    "ok": true
  },
  "sample_id": "166_k1"
}