{
  "cpu": {
    "execute_ms": [
      933.4590180078521
    ],
    "execute_ms_avg": 933.4590180078521,
    "execute_ms_max": 933.4590180078521,
    "execute_ms_min": 933.4590180078521,
    "fetch_ms": [
      5.99479500669986
    ],
    "fetch_ms_avg": 5.99479500669986,
    "framework": "snpe",
    "init_code": 0,
    "init_ms": 140.96843500738032,
    "input_name": "input",
    "mode": 5,
    "model": "/home/fibo/fibocom_slz/modules/fiboaistack_229_env/outputs/radio_map_liteunet.dlc",
    "ok": true,
    "output_len": 65536,
    "output_max": 2.654393434524536,
    "output_mean": 0.5196349620819092,
    "output_min": -1.5137710571289062,
    "output_name": "output",
    "output_npy": "/home/fibo/fibocom_slz/modules/radio_map_qcs6490_deploy/outputs/snpe_gpu_repro_test100/samples/203_k1_cpu_snpe.npy",
    "release_code": 0,
    "repeat": 1,
    "runtime": "CPU",
    "sample": {
      "has_valid_mask": true,
      "has_y": true,
      "sample_path": "/home/fibo/fibocom_slz/modules/radio-map-estimation-workbench/modules/m2/runs/datas/features/v1_base_256_k1_landuse3/203_k1.npz",
      "x_shape_chw": [
        7,
        256,
        256
      ],
      "x_shape_nhwc": [
        1,
        256,
        256,
        7
      ]
    },
    "sample_id": "203_k1",
    "warmup": 1
  },
  "diff": {
    "abs_diff_max": 0.0060214996337890625,
    "abs_diff_mean": 0.0010785761987790465,
    "cpu_max": 2.654393434524536,
    "cpu_mean": 0.5196349620819092,
    "cpu_min": -1.5137710571289062,
    "diff_mean": -0.0006846536998637021,
    "gpu_max": 2.65234375,
    "gpu_mean": 0.5189502835273743,
    "gpu_min": -1.5126953125,
    "rmse": 0.0012081126915290952,
    "shape": [
      256,
      256
    ]
  },
  "gpu": {
    "execute_ms": [
      291.87555398675613
    ],
    "execute_ms_avg": 291.87555398675613,
    "execute_ms_max": 291.87555398675613,
    "execute_ms_min": 291.87555398675613,
    "fetch_ms": [
      31.479251018026844
    ],
    "fetch_ms_avg": 31.479251018026844,
    "framework": "snpe",
    "init_code": 0,
    "init_ms": 1070.6062740064226,
    "input_name": "input",
    "mode": 5,
    "model": "/home/fibo/fibocom_slz/modules/fiboaistack_229_env/outputs/radio_map_liteunet.dlc",
    "ok": true,
    "output_len": 65536,
    "output_max": 2.65234375,
    "output_mean": 0.5189502835273743,
    "output_min": -1.5126953125,
    "output_name": "output",
    "output_npy": "/home/fibo/fibocom_slz/modules/radio_map_qcs6490_deploy/outputs/snpe_gpu_repro_test100/samples/203_k1_gpu_snpe.npy",
    "release_code": 0,
    "repeat": 1,
    "runtime": "GPU",
    "sample": {
      "has_valid_mask": true,
      "has_y": true,
      "sample_path": "/home/fibo/fibocom_slz/modules/radio-map-estimation-workbench/modules/m2/runs/datas/features/v1_base_256_k1_landuse3/203_k1.npz",
      "x_shape_chw": [
        7,
        256,
        256
      ],
      "x_shape_nhwc": [
        1,
        256,
        256,
        7
      ]
    },
    "sample_id": "203_k1",
    "warmup": 1
  },
  "real_sample_metrics": {
    "cpu_gpu_dbm_diff": {
      "abs_diff_max_db": 0.0771484375,
      "abs_diff_mean_db": 0.013819879852235317,
      "rmse_db": 0.015479623340070248
    },
    "cpu_vs_label": {
      "label_dbm_max": -77.75,
      "label_dbm_mean": -116.78096008300781,
      "label_dbm_min": -140.0,
      "mae_db": 1.6591283082962036,
      "pred_dbm_max": -88.57316589355469,
      "pred_dbm_mean": -115.92591094970703,
      "pred_dbm_min": -141.9800262451172,
      "psnr_db": 26.97037021624719,
      "rmse_db": 2.790106911747199,
      "valid_pixels": 65536
    },
    "gpu_vs_label": {
      "label_dbm_max": -77.75,
      "label_dbm_mean": -116.78096008300781,
      "label_dbm_min": -140.0,
      "mae_db": 1.65628981590271,
      "pred_dbm_max": -88.59942626953125,
      "pred_dbm_mean": -115.93468475341797,
      "pred_dbm_min": -141.9662322998047,
      "psnr_db": 26.98363767717971,
      "rmse_db": 2.7858483523291953,
      "valid_pixels": 65536
    },
    "label_norm": {
      "type": "standard",
      "y_mean": -122.58401346206665,
      "y_std": 12.813038764458584
    },
    "ok": true
  },
  "sample_id": "203_k1"
}