{
  "cpu": {
    "execute_ms": [
      928.8893610064406
    ],
    "execute_ms_avg": 928.8893610064406,
    "execute_ms_max": 928.8893610064406,
    "execute_ms_min": 928.8893610064406,
    "fetch_ms": [
      5.755513004260138
    ],
    "fetch_ms_avg": 5.755513004260138,
    "framework": "snpe",
    "init_code": 0,
    "init_ms": 156.13038899027742,
    "input_name": "input",
    "mode": 5,
    "model": "/home/fibo/fibocom_slz/modules/fiboaistack_229_env/outputs/radio_map_liteunet.dlc",
    "ok": true,
    "output_len": 65536,
    "output_max": 2.582319736480713,
    "output_mean": 0.5103232860565186,
    "output_min": -1.4831058979034424,
    "output_name": "output",
    "output_npy": "/home/fibo/fibocom_slz/modules/radio_map_qcs6490_deploy/outputs/snpe_gpu_repro_test100/samples/203_k0_cpu_snpe.npy",
    "release_code": 0,
    "repeat": 1,
    "runtime": "CPU",
    "sample": {
      "has_valid_mask": true,
      "has_y": true,
      "sample_path": "/home/fibo/fibocom_slz/modules/radio-map-estimation-workbench/modules/m2/runs/datas/features/v1_base_256_k1_landuse3/203_k0.npz",
      "x_shape_chw": [
        7,
        256,
        256
      ],
      "x_shape_nhwc": [
        1,
        256,
        256,
        7
      ]
    },
    "sample_id": "203_k0",
    "warmup": 1
  },
  "diff": {
    "abs_diff_max": 0.0058901309967041016,
    "abs_diff_mean": 0.0010214007925242186,
    "cpu_max": 2.582319736480713,
    "cpu_mean": 0.5103232860565186,
    "cpu_min": -1.4831058979034424,
    "diff_mean": -0.000549400458112359,
    "gpu_max": 2.580078125,
    "gpu_mean": 0.5097739100456238,
    "gpu_min": -1.4814453125,
    "rmse": 0.0011986466124653816,
    "shape": [
      256,
      256
    ]
  },
  "gpu": {
    "execute_ms": [
      295.73955401428975
    ],
    "execute_ms_avg": 295.73955401428975,
    "execute_ms_max": 295.73955401428975,
    "execute_ms_min": 295.73955401428975,
    "fetch_ms": [
      22.910745989065617
    ],
    "fetch_ms_avg": 22.910745989065617,
    "framework": "snpe",
    "init_code": 0,
    "init_ms": 1070.9810930129606,
    "input_name": "input",
    "mode": 5,
    "model": "/home/fibo/fibocom_slz/modules/fiboaistack_229_env/outputs/radio_map_liteunet.dlc",
    "ok": true,
    "output_len": 65536,
    "output_max": 2.580078125,
    "output_mean": 0.5097739100456238,
    "output_min": -1.4814453125,
    "output_name": "output",
    "output_npy": "/home/fibo/fibocom_slz/modules/radio_map_qcs6490_deploy/outputs/snpe_gpu_repro_test100/samples/203_k0_gpu_snpe.npy",
    "release_code": 0,
    "repeat": 1,
    "runtime": "GPU",
    "sample": {
      "has_valid_mask": true,
      "has_y": true,
      "sample_path": "/home/fibo/fibocom_slz/modules/radio-map-estimation-workbench/modules/m2/runs/datas/features/v1_base_256_k1_landuse3/203_k0.npz",
      "x_shape_chw": [
        7,
        256,
        256
      ],
      "x_shape_nhwc": [
        1,
        256,
        256,
        7
      ]
    },
    "sample_id": "203_k0",
    "warmup": 1
  },
  "real_sample_metrics": {
    "cpu_gpu_dbm_diff": {
      "abs_diff_max_db": 0.075469970703125,
      "abs_diff_mean_db": 0.013087055645883083,
      "rmse_db": 0.015358052216470242
    },
    "cpu_vs_label": {
      "label_dbm_max": -82.75,
      "label_dbm_mean": -116.18230438232422,
      "label_dbm_min": -140.0,
      "mae_db": 1.2432711124420166,
      "pred_dbm_max": -89.49665069580078,
      "pred_dbm_mean": -116.04521942138672,
      "pred_dbm_min": -141.5871124267578,
      "psnr_db": 27.365327618533076,
      "rmse_db": 2.451935886907702,
      "valid_pixels": 65536
    },
    "gpu_vs_label": {
      "label_dbm_max": -82.75,
      "label_dbm_mean": -116.18230438232422,
      "label_dbm_min": -140.0,
      "mae_db": 1.243048906326294,
      "pred_dbm_max": -89.52537536621094,
      "pred_dbm_mean": -116.0522689819336,
      "pred_dbm_min": -141.56582641601562,
      "psnr_db": 27.3717527202285,
      "rmse_db": 2.450122818495863,
      "valid_pixels": 65536
    },
    "label_norm": {
      "type": "standard",
      "y_mean": -122.58401346206665,
      "y_std": 12.813038764458584
    },
    "ok": true
  },
  "sample_id": "203_k0"
}