{
  "cpu": {
    "execute_ms": [
      967.5056849955581
    ],
    "execute_ms_avg": 967.5056849955581,
    "execute_ms_max": 967.5056849955581,
    "execute_ms_min": 967.5056849955581,
    "fetch_ms": [
      5.497880018083379
    ],
    "fetch_ms_avg": 5.497880018083379,
    "framework": "snpe",
    "init_code": 0,
    "init_ms": 153.09840501868166,
    "input_name": "input",
    "mode": 5,
    "model": "/home/fibo/fibocom_slz/modules/fiboaistack_229_env/outputs/radio_map_liteunet.dlc",
    "ok": true,
    "output_len": 65536,
    "output_max": 2.63712739944458,
    "output_mean": 0.10715410858392715,
    "output_min": -1.5064195394515991,
    "output_name": "output",
    "output_npy": "/home/fibo/fibocom_slz/modules/radio_map_qcs6490_deploy/outputs/snpe_gpu_repro_test100/samples/220_k1_cpu_snpe.npy",
    "release_code": 0,
    "repeat": 1,
    "runtime": "CPU",
    "sample": {
      "has_valid_mask": true,
      "has_y": true,
      "sample_path": "/home/fibo/fibocom_slz/modules/radio-map-estimation-workbench/modules/m2/runs/datas/features/v1_base_256_k1_landuse3/220_k1.npz",
      "x_shape_chw": [
        7,
        256,
        256
      ],
      "x_shape_nhwc": [
        1,
        256,
        256,
        7
      ]
    },
    "sample_id": "220_k1",
    "warmup": 1
  },
  "diff": {
    "abs_diff_max": 0.008142262697219849,
    "abs_diff_mean": 0.0008080850820988417,
    "cpu_max": 2.63712739944458,
    "cpu_mean": 0.10715410858392715,
    "cpu_min": -1.5064195394515991,
    "diff_mean": 0.00010581904643913731,
    "gpu_max": 2.634765625,
    "gpu_mean": 0.10725992172956467,
    "gpu_min": -1.50390625,
    "rmse": 0.001071448321454227,
    "shape": [
      256,
      256
    ]
  },
  "gpu": {
    "execute_ms": [
      313.7054840044584
    ],
    "execute_ms_avg": 313.7054840044584,
    "execute_ms_max": 313.7054840044584,
    "execute_ms_min": 313.7054840044584,
    "fetch_ms": [
      20.877672999631613
    ],
    "fetch_ms_avg": 20.877672999631613,
    "framework": "snpe",
    "init_code": 0,
    "init_ms": 1075.6365900160745,
    "input_name": "input",
    "mode": 5,
    "model": "/home/fibo/fibocom_slz/modules/fiboaistack_229_env/outputs/radio_map_liteunet.dlc",
    "ok": true,
    "output_len": 65536,
    "output_max": 2.634765625,
    "output_mean": 0.10725992172956467,
    "output_min": -1.50390625,
    "output_name": "output",
    "output_npy": "/home/fibo/fibocom_slz/modules/radio_map_qcs6490_deploy/outputs/snpe_gpu_repro_test100/samples/220_k1_gpu_snpe.npy",
    "release_code": 0,
    "repeat": 1,
    "runtime": "GPU",
    "sample": {
      "has_valid_mask": true,
      "has_y": true,
      "sample_path": "/home/fibo/fibocom_slz/modules/radio-map-estimation-workbench/modules/m2/runs/datas/features/v1_base_256_k1_landuse3/220_k1.npz",
      "x_shape_chw": [
        7,
        256,
        256
      ],
      "x_shape_nhwc": [
        1,
        256,
        256,
        7
      ]
    },
    "sample_id": "220_k1",
    "warmup": 1
  },
  "real_sample_metrics": {
    "cpu_gpu_dbm_diff": {
      "abs_diff_max_db": 0.1043243408203125,
      "abs_diff_mean_db": 0.010354064404964447,
      "rmse_db": 0.013728553429245949
    },
    "cpu_vs_label": {
      "label_dbm_max": -82.75,
      "label_dbm_mean": -121.65864562988281,
      "label_dbm_min": -140.0,
      "mae_db": 2.3362224102020264,
      "pred_dbm_max": -88.79440307617188,
      "pred_dbm_mean": -121.21104431152344,
      "pred_dbm_min": -141.88583374023438,
      "psnr_db": 24.249368222984778,
      "rmse_db": 3.509999704170758,
      "valid_pixels": 65536
    },
    "gpu_vs_label": {
      "label_dbm_max": -82.75,
      "label_dbm_mean": -121.65864562988281,
      "label_dbm_min": -140.0,
      "mae_db": 2.339249849319458,
      "pred_dbm_max": -88.82466125488281,
      "pred_dbm_mean": -121.20968627929688,
      "pred_dbm_min": -141.85362243652344,
      "psnr_db": 24.25193570640356,
      "rmse_db": 3.508962328078352,
      "valid_pixels": 65536
    },
    "label_norm": {
      "type": "standard",
      "y_mean": -122.58401346206665,
      "y_std": 12.813038764458584
    },
    "ok": true
  },
  "sample_id": "220_k1"
}