{
  "cpu": {
    "execute_ms": [
      938.5139249789063
    ],
    "execute_ms_avg": 938.5139249789063,
    "execute_ms_max": 938.5139249789063,
    "execute_ms_min": 938.5139249789063,
    "fetch_ms": [
      10.118014004547149
    ],
    "fetch_ms_avg": 10.118014004547149,
    "framework": "snpe",
    "init_code": 0,
    "init_ms": 158.34676701342687,
    "input_name": "input",
    "mode": 5,
    "model": "/home/fibo/fibocom_slz/modules/fiboaistack_229_env/outputs/radio_map_liteunet.dlc",
    "ok": true,
    "output_len": 65536,
    "output_max": 2.6555445194244385,
    "output_mean": 0.1058434247970581,
    "output_min": -1.4946010112762451,
    "output_name": "output",
    "output_npy": "/home/fibo/fibocom_slz/modules/radio_map_qcs6490_deploy/outputs/snpe_gpu_repro_test100/samples/220_k0_cpu_snpe.npy",
    "release_code": 0,
    "repeat": 1,
    "runtime": "CPU",
    "sample": {
      "has_valid_mask": true,
      "has_y": true,
      "sample_path": "/home/fibo/fibocom_slz/modules/radio-map-estimation-workbench/modules/m2/runs/datas/features/v1_base_256_k1_landuse3/220_k0.npz",
      "x_shape_chw": [
        7,
        256,
        256
      ],
      "x_shape_nhwc": [
        1,
        256,
        256,
        7
      ]
    },
    "sample_id": "220_k0",
    "warmup": 1
  },
  "diff": {
    "abs_diff_max": 0.007474154233932495,
    "abs_diff_mean": 0.0009829599875956774,
    "cpu_max": 2.6555445194244385,
    "cpu_mean": 0.1058434247970581,
    "cpu_min": -1.4946010112762451,
    "diff_mean": -6.482863682322204e-06,
    "gpu_max": 2.65234375,
    "gpu_mean": 0.10583695769309998,
    "gpu_min": -1.4931640625,
    "rmse": 0.0011763174552470446,
    "shape": [
      256,
      256
    ]
  },
  "gpu": {
    "execute_ms": [
      294.19183399295434
    ],
    "execute_ms_avg": 294.19183399295434,
    "execute_ms_max": 294.19183399295434,
    "execute_ms_min": 294.19183399295434,
    "fetch_ms": [
      25.300609995611012
    ],
    "fetch_ms_avg": 25.300609995611012,
    "framework": "snpe",
    "init_code": 0,
    "init_ms": 1265.330565016484,
    "input_name": "input",
    "mode": 5,
    "model": "/home/fibo/fibocom_slz/modules/fiboaistack_229_env/outputs/radio_map_liteunet.dlc",
    "ok": true,
    "output_len": 65536,
    "output_max": 2.65234375,
    "output_mean": 0.10583695769309998,
    "output_min": -1.4931640625,
    "output_name": "output",
    "output_npy": "/home/fibo/fibocom_slz/modules/radio_map_qcs6490_deploy/outputs/snpe_gpu_repro_test100/samples/220_k0_gpu_snpe.npy",
    "release_code": 0,
    "repeat": 1,
    "runtime": "GPU",
    "sample": {
      "has_valid_mask": true,
      "has_y": true,
      "sample_path": "/home/fibo/fibocom_slz/modules/radio-map-estimation-workbench/modules/m2/runs/datas/features/v1_base_256_k1_landuse3/220_k0.npz",
      "x_shape_chw": [
        7,
        256,
        256
      ],
      "x_shape_nhwc": [
        1,
        256,
        256,
        7
      ]
    },
    "sample_id": "220_k0",
    "warmup": 1
  },
  "real_sample_metrics": {
    "cpu_gpu_dbm_diff": {
      "abs_diff_max_db": 0.09576416015625,
      "abs_diff_mean_db": 0.012594422325491905,
      "rmse_db": 0.015071864239871502
    },
    "cpu_vs_label": {
      "label_dbm_max": -82.75,
      "label_dbm_mean": -123.59321594238281,
      "label_dbm_min": -140.0,
      "mae_db": 2.935253858566284,
      "pred_dbm_max": -88.55841827392578,
      "pred_dbm_mean": -121.22783660888672,
      "pred_dbm_min": -141.73439025878906,
      "psnr_db": 22.46079982893749,
      "rmse_db": 4.3125634672498,
      "valid_pixels": 65536
    },
    "gpu_vs_label": {
      "label_dbm_max": -82.75,
      "label_dbm_mean": -123.59321594238281,
      "label_dbm_min": -140.0,
      "mae_db": 2.938058376312256,
      "pred_dbm_max": -88.59942626953125,
      "pred_dbm_mean": -121.22792053222656,
      "pred_dbm_min": -141.7159881591797,
      "psnr_db": 22.457118879922447,
      "rmse_db": 4.314391453907922,
      "valid_pixels": 65536
    },
    "label_norm": {
      "type": "standard",
      "y_mean": -122.58401346206665,
      "y_std": 12.813038764458584
    },
    "ok": true
  },
  "sample_id": "220_k0"
}