{
  "cpu": {
    "execute_ms": [
      925.4348409886006
    ],
    "execute_ms_avg": 925.4348409886006,
    "execute_ms_max": 925.4348409886006,
    "execute_ms_min": 925.4348409886006,
    "fetch_ms": [
      6.452878005802631
    ],
    "fetch_ms_avg": 6.452878005802631,
    "framework": "snpe",
    "init_code": 0,
    "init_ms": 156.80440800497308,
    "input_name": "input",
    "mode": 5,
    "model": "/home/fibo/fibocom_slz/modules/fiboaistack_229_env/outputs/radio_map_liteunet.dlc",
    "ok": true,
    "output_len": 65536,
    "output_max": 2.831692695617676,
    "output_mean": 0.3432300090789795,
    "output_min": -1.5052818059921265,
    "output_name": "output",
    "output_npy": "/home/fibo/fibocom_slz/modules/radio_map_qcs6490_deploy/outputs/snpe_gpu_repro_test100/samples/284_k0_cpu_snpe.npy",
    "release_code": 0,
    "repeat": 1,
    "runtime": "CPU",
    "sample": {
      "has_valid_mask": true,
      "has_y": true,
      "sample_path": "/home/fibo/fibocom_slz/modules/radio-map-estimation-workbench/modules/m2/runs/datas/features/v1_base_256_k1_landuse3/284_k0.npz",
      "x_shape_chw": [
        7,
        256,
        256
      ],
      "x_shape_nhwc": [
        1,
        256,
        256,
        7
      ]
    },
    "sample_id": "284_k0",
    "warmup": 1
  },
  "diff": {
    "abs_diff_max": 0.006121158599853516,
    "abs_diff_mean": 0.0010617218213155866,
    "cpu_max": 2.831692695617676,
    "cpu_mean": 0.3432300090789795,
    "cpu_min": -1.5052818059921265,
    "diff_mean": -0.0007092843297868967,
    "gpu_max": 2.830078125,
    "gpu_mean": 0.34252071380615234,
    "gpu_min": -1.5048828125,
    "rmse": 0.0012143952772021294,
    "shape": [
      256,
      256
    ]
  },
  "gpu": {
    "execute_ms": [
      308.86749998899177
    ],
    "execute_ms_avg": 308.86749998899177,
    "execute_ms_max": 308.86749998899177,
    "execute_ms_min": 308.86749998899177,
    "fetch_ms": [
      21.84988700901158
    ],
    "fetch_ms_avg": 21.84988700901158,
    "framework": "snpe",
    "init_code": 0,
    "init_ms": 1078.2949600252323,
    "input_name": "input",
    "mode": 5,
    "model": "/home/fibo/fibocom_slz/modules/fiboaistack_229_env/outputs/radio_map_liteunet.dlc",
    "ok": true,
    "output_len": 65536,
    "output_max": 2.830078125,
    "output_mean": 0.34252071380615234,
    "output_min": -1.5048828125,
    "output_name": "output",
    "output_npy": "/home/fibo/fibocom_slz/modules/radio_map_qcs6490_deploy/outputs/snpe_gpu_repro_test100/samples/284_k0_gpu_snpe.npy",
    "release_code": 0,
    "repeat": 1,
    "runtime": "GPU",
    "sample": {
      "has_valid_mask": true,
      "has_y": true,
      "sample_path": "/home/fibo/fibocom_slz/modules/radio-map-estimation-workbench/modules/m2/runs/datas/features/v1_base_256_k1_landuse3/284_k0.npz",
      "x_shape_chw": [
        7,
        256,
        256
      ],
      "x_shape_nhwc": [
        1,
        256,
        256,
        7
      ]
    },
    "sample_id": "284_k0",
    "warmup": 1
  },
  "real_sample_metrics": {
    "cpu_gpu_dbm_diff": {
      "abs_diff_max_db": 0.07843017578125,
      "abs_diff_mean_db": 0.013603831641376019,
      "rmse_db": 0.015560034662485123
    },
    "cpu_vs_label": {
      "label_dbm_max": -82.75,
      "label_dbm_mean": -118.84485626220703,
      "label_dbm_min": -140.0,
      "mae_db": 1.9017064571380615,
      "pred_dbm_max": -86.30142211914062,
      "pred_dbm_mean": -118.18619537353516,
      "pred_dbm_min": -141.87124633789062,
      "psnr_db": 25.039701547234465,
      "rmse_db": 3.2047223829940386,
      "valid_pixels": 65536
    },
    "gpu_vs_label": {
      "label_dbm_max": -82.75,
      "label_dbm_mean": -118.84485626220703,
      "label_dbm_min": -140.0,
      "mae_db": 1.9021729230880737,
      "pred_dbm_max": -86.32211303710938,
      "pred_dbm_mean": -118.19528198242188,
      "pred_dbm_min": -141.8661346435547,
      "psnr_db": 25.045278819827846,
      "rmse_db": 3.2026652680753163,
      "valid_pixels": 65536
    },
    "label_norm": {
      "type": "standard",
      "y_mean": -122.58401346206665,
      "y_std": 12.813038764458584
    },
    "ok": true
  },
  "sample_id": "284_k0"
}