{
  "cpu": {
    "execute_ms": [
      972.6247729850002
    ],
    "execute_ms_avg": 972.6247729850002,
    "execute_ms_max": 972.6247729850002,
    "execute_ms_min": 972.6247729850002,
    "fetch_ms": [
      10.198976000538096
    ],
    "fetch_ms_avg": 10.198976000538096,
    "framework": "snpe",
    "init_code": 0,
    "init_ms": 155.9941320156213,
    "input_name": "input",
    "mode": 5,
    "model": "/home/fibo/fibocom_slz/modules/fiboaistack_229_env/outputs/radio_map_liteunet.dlc",
    "ok": true,
    "output_len": 65536,
    "output_max": 2.9098501205444336,
    "output_mean": 0.04363594576716423,
    "output_min": -1.5344761610031128,
    "output_name": "output",
    "output_npy": "/home/fibo/fibocom_slz/modules/radio_map_qcs6490_deploy/outputs/snpe_gpu_repro_test100/samples/284_k1_cpu_snpe.npy",
    "release_code": 0,
    "repeat": 1,
    "runtime": "CPU",
    "sample": {
      "has_valid_mask": true,
      "has_y": true,
      "sample_path": "/home/fibo/fibocom_slz/modules/radio-map-estimation-workbench/modules/m2/runs/datas/features/v1_base_256_k1_landuse3/284_k1.npz",
      "x_shape_chw": [
        7,
        256,
        256
      ],
      "x_shape_nhwc": [
        1,
        256,
        256,
        7
      ]
    },
    "sample_id": "284_k1",
    "warmup": 1
  },
  "diff": {
    "abs_diff_max": 0.008646368980407715,
    "abs_diff_mean": 0.0008030050084926188,
    "cpu_max": 2.9098501205444336,
    "cpu_mean": 0.04363594576716423,
    "cpu_min": -1.5344761610031128,
    "diff_mean": -0.00035319552989676595,
    "gpu_max": 2.90625,
    "gpu_mean": 0.04328274354338646,
    "gpu_min": -1.5322265625,
    "rmse": 0.0010199429234489799,
    "shape": [
      256,
      256
    ]
  },
  "gpu": {
    "execute_ms": [
      290.41893398971297
    ],
    "execute_ms_avg": 290.41893398971297,
    "execute_ms_max": 290.41893398971297,
    "execute_ms_min": 290.41893398971297,
    "fetch_ms": [
      23.709550994681194
    ],
    "fetch_ms_avg": 23.709550994681194,
    "framework": "snpe",
    "init_code": 0,
    "init_ms": 1069.4052299950272,
    "input_name": "input",
    "mode": 5,
    "model": "/home/fibo/fibocom_slz/modules/fiboaistack_229_env/outputs/radio_map_liteunet.dlc",
    "ok": true,
    "output_len": 65536,
    "output_max": 2.90625,
    "output_mean": 0.04328274354338646,
    "output_min": -1.5322265625,
    "output_name": "output",
    "output_npy": "/home/fibo/fibocom_slz/modules/radio_map_qcs6490_deploy/outputs/snpe_gpu_repro_test100/samples/284_k1_gpu_snpe.npy",
    "release_code": 0,
    "repeat": 1,
    "runtime": "GPU",
    "sample": {
      "has_valid_mask": true,
      "has_y": true,
      "sample_path": "/home/fibo/fibocom_slz/modules/radio-map-estimation-workbench/modules/m2/runs/datas/features/v1_base_256_k1_landuse3/284_k1.npz",
      "x_shape_chw": [
        7,
        256,
        256
      ],
      "x_shape_nhwc": [
        1,
        256,
        256,
        7
      ]
    },
    "sample_id": "284_k1",
    "warmup": 1
  },
  "real_sample_metrics": {
    "cpu_gpu_dbm_diff": {
      "abs_diff_max_db": 0.11078643798828125,
      "abs_diff_mean_db": 0.010288810357451439,
      "rmse_db": 0.013068396598100662
    },
    "cpu_vs_label": {
      "label_dbm_max": -77.75,
      "label_dbm_mean": -120.28016662597656,
      "label_dbm_min": -140.0,
      "mae_db": 3.03578519821167,
      "pred_dbm_max": -85.29998779296875,
      "pred_dbm_mean": -122.02490234375,
      "pred_dbm_min": -142.2453155517578,
      "psnr_db": 23.472127749822434,
      "rmse_db": 4.173812816200868,
      "valid_pixels": 65536
    },
    "gpu_vs_label": {
      "label_dbm_max": -77.75,
      "label_dbm_mean": -120.28016662597656,
      "label_dbm_min": -140.0,
      "mae_db": 3.038137674331665,
      "pred_dbm_max": -85.34611511230469,
      "pred_dbm_mean": -122.02943420410156,
      "pred_dbm_min": -142.21649169921875,
      "psnr_db": 23.469002001801414,
      "rmse_db": 4.175315095809176,
      "valid_pixels": 65536
    },
    "label_norm": {
      "type": "standard",
      "y_mean": -122.58401346206665,
      "y_std": 12.813038764458584
    },
    "ok": true
  },
  "sample_id": "284_k1"
}