{
  "cpu": {
    "execute_ms": [
      973.5818119952455
    ],
    "execute_ms_avg": 973.5818119952455,
    "execute_ms_max": 973.5818119952455,
    "execute_ms_min": 973.5818119952455,
    "fetch_ms": [
      6.410155998310074
    ],
    "fetch_ms_avg": 6.410155998310074,
    "framework": "snpe",
    "init_code": 0,
    "init_ms": 164.3632370105479,
    "input_name": "input",
    "mode": 5,
    "model": "/home/fibo/fibocom_slz/modules/fiboaistack_229_env/outputs/radio_map_liteunet.dlc",
    "ok": true,
    "output_len": 65536,
    "output_max": 2.8037972450256348,
    "output_mean": -0.17356985807418823,
    "output_min": -1.5286246538162231,
    "output_name": "output",
    "output_npy": "/home/fibo/fibocom_slz/modules/radio_map_qcs6490_deploy/outputs/snpe_gpu_repro_test100/samples/300_k1_cpu_snpe.npy",
    "release_code": 0,
    "repeat": 1,
    "runtime": "CPU",
    "sample": {
      "has_valid_mask": true,
      "has_y": true,
      "sample_path": "/home/fibo/fibocom_slz/modules/radio-map-estimation-workbench/modules/m2/runs/datas/features/v1_base_256_k1_landuse3/300_k1.npz",
      "x_shape_chw": [
        7,
        256,
        256
      ],
      "x_shape_nhwc": [
        1,
        256,
        256,
        7
      ]
    },
    "sample_id": "300_k1",
    "warmup": 1
  },
  "diff": {
    "abs_diff_max": 0.005412578582763672,
    "abs_diff_mean": 0.0010033318540081382,
    "cpu_max": 2.8037972450256348,
    "cpu_mean": -0.17356985807418823,
    "cpu_min": -1.5286246538162231,
    "diff_mean": 0.00021788920275866985,
    "gpu_max": 2.80078125,
    "gpu_mean": -0.1733519732952118,
    "gpu_min": -1.5263671875,
    "rmse": 0.0012081228196620941,
    "shape": [
      256,
      256
    ]
  },
  "gpu": {
    "execute_ms": [
      285.09335999842733
    ],
    "execute_ms_avg": 285.09335999842733,
    "execute_ms_max": 285.09335999842733,
    "execute_ms_min": 285.09335999842733,
    "fetch_ms": [
      24.967272009234875
    ],
    "fetch_ms_avg": 24.967272009234875,
    "framework": "snpe",
    "init_code": 0,
    "init_ms": 1083.9710730069783,
    "input_name": "input",
    "mode": 5,
    "model": "/home/fibo/fibocom_slz/modules/fiboaistack_229_env/outputs/radio_map_liteunet.dlc",
    "ok": true,
    "output_len": 65536,
    "output_max": 2.80078125,
    "output_mean": -0.1733519732952118,
    "output_min": -1.5263671875,
    "output_name": "output",
    "output_npy": "/home/fibo/fibocom_slz/modules/radio_map_qcs6490_deploy/outputs/snpe_gpu_repro_test100/samples/300_k1_gpu_snpe.npy",
    "release_code": 0,
    "repeat": 1,
    "runtime": "GPU",
    "sample": {
      "has_valid_mask": true,
      "has_y": true,
      "sample_path": "/home/fibo/fibocom_slz/modules/radio-map-estimation-workbench/modules/m2/runs/datas/features/v1_base_256_k1_landuse3/300_k1.npz",
      "x_shape_chw": [
        7,
        256,
        256
      ],
      "x_shape_nhwc": [
        1,
        256,
        256,
        7
      ]
    },
    "sample_id": "300_k1",
    "warmup": 1
  },
  "real_sample_metrics": {
    "cpu_gpu_dbm_diff": {
      "abs_diff_max_db": 0.0693511962890625,
      "abs_diff_mean_db": 0.012855052947998047,
      "rmse_db": 0.015478852204978466
    },
    "cpu_vs_label": {
      "label_dbm_max": -82.75,
      "label_dbm_mean": -124.57403564453125,
      "label_dbm_min": -140.0,
      "mae_db": 2.906724452972412,
      "pred_dbm_max": -86.65885162353516,
      "pred_dbm_mean": -124.80796813964844,
      "pred_dbm_min": -142.17034912109375,
      "psnr_db": 21.61803127834422,
      "rmse_db": 4.7519725919889995,
      "valid_pixels": 65536
    },
    "gpu_vs_label": {
      "label_dbm_max": -82.75,
      "label_dbm_mean": -124.57403564453125,
      "label_dbm_min": -140.0,
      "mae_db": 2.910785675048828,
      "pred_dbm_max": -86.69749450683594,
      "pred_dbm_mean": -124.80518341064453,
      "pred_dbm_min": -142.14141845703125,
      "psnr_db": 21.618075665174146,
      "rmse_db": 4.751948308413096,
      "valid_pixels": 65536
    },
    "label_norm": {
      "type": "standard",
      "y_mean": -122.58401346206665,
      "y_std": 12.813038764458584
    },
    "ok": true
  },
  "sample_id": "300_k1"
}