{
  "cpu": {
    "execute_ms": [
      1172.0294929982629
    ],
    "execute_ms_avg": 1172.0294929982629,
    "execute_ms_max": 1172.0294929982629,
    "execute_ms_min": 1172.0294929982629,
    "fetch_ms": [
      6.679122016066685
    ],
    "fetch_ms_avg": 6.679122016066685,
    "framework": "snpe",
    "init_code": 0,
    "init_ms": 151.15844801766798,
    "input_name": "input",
    "mode": 5,
    "model": "/home/fibo/fibocom_slz/modules/fiboaistack_229_env/outputs/radio_map_liteunet.dlc",
    "ok": true,
    "output_len": 65536,
    "output_max": 3.0694243907928467,
    "output_mean": 0.04451078176498413,
    "output_min": -1.582021951675415,
    "output_name": "output",
    "output_npy": "/home/fibo/fibocom_slz/modules/radio_map_qcs6490_deploy/outputs/snpe_gpu_repro_test100/samples/344_k0_cpu_snpe.npy",
    "release_code": 0,
    "repeat": 1,
    "runtime": "CPU",
    "sample": {
      "has_valid_mask": true,
      "has_y": true,
      "sample_path": "/home/fibo/fibocom_slz/modules/radio-map-estimation-workbench/modules/m2/runs/datas/features/v1_base_256_k1_landuse3/344_k0.npz",
      "x_shape_chw": [
        7,
        256,
        256
      ],
      "x_shape_nhwc": [
        1,
        256,
        256,
        7
      ]
    },
    "sample_id": "344_k0",
    "warmup": 1
  },
  "diff": {
    "abs_diff_max": 0.0069582462310791016,
    "abs_diff_mean": 0.0009079216979444027,
    "cpu_max": 3.0694243907928467,
    "cpu_mean": 0.04451078176498413,
    "cpu_min": -1.582021951675415,
    "diff_mean": 0.0005209510563872755,
    "gpu_max": 3.064453125,
    "gpu_mean": 0.045031726360321045,
    "gpu_min": -1.580078125,
    "rmse": 0.0011216066777706146,
    "shape": [
      256,
      256
    ]
  },
  "gpu": {
    "execute_ms": [
      293.51039000903256
    ],
    "execute_ms_avg": 293.51039000903256,
    "execute_ms_max": 293.51039000903256,
    "execute_ms_min": 293.51039000903256,
    "fetch_ms": [
      19.199208996724337
    ],
    "fetch_ms_avg": 19.199208996724337,
    "framework": "snpe",
    "init_code": 0,
    "init_ms": 1380.7137929834425,
    "input_name": "input",
    "mode": 5,
    "model": "/home/fibo/fibocom_slz/modules/fiboaistack_229_env/outputs/radio_map_liteunet.dlc",
    "ok": true,
    "output_len": 65536,
    "output_max": 3.064453125,
    "output_mean": 0.045031726360321045,
    "output_min": -1.580078125,
    "output_name": "output",
    "output_npy": "/home/fibo/fibocom_slz/modules/radio_map_qcs6490_deploy/outputs/snpe_gpu_repro_test100/samples/344_k0_gpu_snpe.npy",
    "release_code": 0,
    "repeat": 1,
    "runtime": "GPU",
    "sample": {
      "has_valid_mask": true,
      "has_y": true,
      "sample_path": "/home/fibo/fibocom_slz/modules/radio-map-estimation-workbench/modules/m2/runs/datas/features/v1_base_256_k1_landuse3/344_k0.npz",
      "x_shape_chw": [
        7,
        256,
        256
      ],
      "x_shape_nhwc": [
        1,
        256,
        256,
        7
      ]
    },
    "sample_id": "344_k0",
    "warmup": 1
  },
  "real_sample_metrics": {
    "cpu_gpu_dbm_diff": {
      "abs_diff_max_db": 0.0891571044921875,
      "abs_diff_mean_db": 0.011633185669779778,
      "rmse_db": 0.014371126890182495
    },
    "cpu_vs_label": {
      "label_dbm_max": -77.75,
      "label_dbm_mean": -121.14129638671875,
      "label_dbm_min": -140.0,
      "mae_db": 2.6418142318725586,
      "pred_dbm_max": -83.25535583496094,
      "pred_dbm_mean": -122.0136947631836,
      "pred_dbm_min": -142.85452270507812,
      "psnr_db": 23.97264721176066,
      "rmse_db": 3.940097739077223,
      "valid_pixels": 65536
    },
    "gpu_vs_label": {
      "label_dbm_max": -77.75,
      "label_dbm_mean": -121.14129638671875,
      "label_dbm_min": -140.0,
      "mae_db": 2.6453769207000732,
      "pred_dbm_max": -83.31906127929688,
      "pred_dbm_mean": -122.00702667236328,
      "pred_dbm_min": -142.82962036132812,
      "psnr_db": 23.97310504843979,
      "rmse_db": 3.9398900604400744,
      "valid_pixels": 65536
    },
    "label_norm": {
      "type": "standard",
      "y_mean": -122.58401346206665,
      "y_std": 12.813038764458584
    },
    "ok": true
  },
  "sample_id": "344_k0"
}