{
  "cpu": {
    "execute_ms": [
      980.8728040079586
    ],
    "execute_ms_avg": 980.8728040079586,
    "execute_ms_max": 980.8728040079586,
    "execute_ms_min": 980.8728040079586,
    "fetch_ms": [
      6.181708013173193
    ],
    "fetch_ms_avg": 6.181708013173193,
    "framework": "snpe",
    "init_code": 0,
    "init_ms": 157.70181198604405,
    "input_name": "input",
    "mode": 5,
    "model": "/home/fibo/fibocom_slz/modules/fiboaistack_229_env/outputs/radio_map_liteunet.dlc",
    "ok": true,
    "output_len": 65536,
    "output_max": 2.8806588649749756,
    "output_mean": 0.15304455161094666,
    "output_min": -1.526291012763977,
    "output_name": "output",
    "output_npy": "/home/fibo/fibocom_slz/modules/radio_map_qcs6490_deploy/outputs/snpe_gpu_repro_test100/samples/344_k1_cpu_snpe.npy",
    "release_code": 0,
    "repeat": 1,
    "runtime": "CPU",
    "sample": {
      "has_valid_mask": true,
      "has_y": true,
      "sample_path": "/home/fibo/fibocom_slz/modules/radio-map-estimation-workbench/modules/m2/runs/datas/features/v1_base_256_k1_landuse3/344_k1.npz",
      "x_shape_chw": [
        7,
        256,
        256
      ],
      "x_shape_nhwc": [
        1,
        256,
        256,
        7
      ]
    },
    "sample_id": "344_k1",
    "warmup": 1
  },
  "diff": {
    "abs_diff_max": 0.005140423774719238,
    "abs_diff_mean": 0.0007987383287400007,
    "cpu_max": 2.8806588649749756,
    "cpu_mean": 0.15304455161094666,
    "cpu_min": -1.526291012763977,
    "diff_mean": -0.00019741751020774245,
    "gpu_max": 2.87890625,
    "gpu_mean": 0.15284712612628937,
    "gpu_min": -1.5244140625,
    "rmse": 0.0009826068999245763,
    "shape": [
      256,
      256
    ]
  },
  "gpu": {
    "execute_ms": [
      282.3529120068997
    ],
    "execute_ms_avg": 282.3529120068997,
    "execute_ms_max": 282.3529120068997,
    "execute_ms_min": 282.3529120068997,
    "fetch_ms": [
      25.281595007982105
    ],
    "fetch_ms_avg": 25.281595007982105,
    "framework": "snpe",
    "init_code": 0,
    "init_ms": 1340.0990249938332,
    "input_name": "input",
    "mode": 5,
    "model": "/home/fibo/fibocom_slz/modules/fiboaistack_229_env/outputs/radio_map_liteunet.dlc",
    "ok": true,
    "output_len": 65536,
    "output_max": 2.87890625,
    "output_mean": 0.15284712612628937,
    "output_min": -1.5244140625,
    "output_name": "output",
    "output_npy": "/home/fibo/fibocom_slz/modules/radio_map_qcs6490_deploy/outputs/snpe_gpu_repro_test100/samples/344_k1_gpu_snpe.npy",
    "release_code": 0,
    "repeat": 1,
    "runtime": "GPU",
    "sample": {
      "has_valid_mask": true,
      "has_y": true,
      "sample_path": "/home/fibo/fibocom_slz/modules/radio-map-estimation-workbench/modules/m2/runs/datas/features/v1_base_256_k1_landuse3/344_k1.npz",
      "x_shape_chw": [
        7,
        256,
        256
      ],
      "x_shape_nhwc": [
        1,
        256,
        256,
        7
      ]
    },
    "sample_id": "344_k1",
    "warmup": 1
  },
  "real_sample_metrics": {
    "cpu_gpu_dbm_diff": {
      "abs_diff_max_db": 0.06585693359375,
      "abs_diff_mean_db": 0.01023421436548233,
      "rmse_db": 0.012590119615197182
    },
    "cpu_vs_label": {
      "label_dbm_max": -78.75,
      "label_dbm_mean": -122.64219665527344,
      "label_dbm_min": -140.0,
      "mae_db": 2.943641424179077,
      "pred_dbm_max": -85.67402648925781,
      "pred_dbm_mean": -120.623046875,
      "pred_dbm_min": -142.14044189453125,
      "psnr_db": 23.231369965399956,
      "rmse_db": 4.222188269049223,
      "valid_pixels": 65536
    },
    "gpu_vs_label": {
      "label_dbm_max": -78.75,
      "label_dbm_mean": -122.64219665527344,
      "label_dbm_min": -140.0,
      "mae_db": 2.9426395893096924,
      "pred_dbm_max": -85.69647216796875,
      "pred_dbm_mean": -120.62557220458984,
      "pred_dbm_min": -142.11639404296875,
      "psnr_db": 23.24065458017199,
      "rmse_db": 4.21767745336055,
      "valid_pixels": 65536
    },
    "label_norm": {
      "type": "standard",
      "y_mean": -122.58401346206665,
      "y_std": 12.813038764458584
    },
    "ok": true
  },
  "sample_id": "344_k1"
}