{
  "cpu": {
    "execute_ms": [
      982.9117830086034
    ],
    "execute_ms_avg": 982.9117830086034,
    "execute_ms_max": 982.9117830086034,
    "execute_ms_min": 982.9117830086034,
    "fetch_ms": [
      5.2133239805698395
    ],
    "fetch_ms_avg": 5.2133239805698395,
    "framework": "snpe",
    "init_code": 0,
    "init_ms": 145.81481699133292,
    "input_name": "input",
    "mode": 5,
    "model": "/home/fibo/fibocom_slz/modules/fiboaistack_229_env/outputs/radio_map_liteunet.dlc",
    "ok": true,
    "output_len": 65536,
    "output_max": 2.665729522705078,
    "output_mean": 0.4629966616630554,
    "output_min": -1.515181541442871,
    "output_name": "output",
    "output_npy": "/home/fibo/fibocom_slz/modules/radio_map_qcs6490_deploy/outputs/snpe_gpu_repro_test100/samples/367_k0_cpu_snpe.npy",
    "release_code": 0,
    "repeat": 1,
    "runtime": "CPU",
    "sample": {
      "has_valid_mask": true,
      "has_y": true,
      "sample_path": "/home/fibo/fibocom_slz/modules/radio-map-estimation-workbench/modules/m2/runs/datas/features/v1_base_256_k1_landuse3/367_k0.npz",
      "x_shape_chw": [
        7,
        256,
        256
      ],
      "x_shape_nhwc": [
        1,
        256,
        256,
        7
      ]
    },
    "sample_id": "367_k0",
    "warmup": 1
  },
  "diff": {
    "abs_diff_max": 0.006448984146118164,
    "abs_diff_mean": 0.0007320634322240949,
    "cpu_max": 2.665729522705078,
    "cpu_mean": 0.4629966616630554,
    "cpu_min": -1.515181541442871,
    "diff_mean": -0.00026241011801175773,
    "gpu_max": 2.6640625,
    "gpu_mean": 0.46273428201675415,
    "gpu_min": -1.513671875,
    "rmse": 0.0010043762158602476,
    "shape": [
      256,
      256
    ]
  },
  "gpu": {
    "execute_ms": [
      293.0139020027127
    ],
    "execute_ms_avg": 293.0139020027127,
    "execute_ms_max": 293.0139020027127,
    "execute_ms_min": 293.0139020027127,
    "fetch_ms": [
      16.561206022743136
    ],
    "fetch_ms_avg": 16.561206022743136,
    "framework": "snpe",
    "init_code": 0,
    "init_ms": 1087.7504810050596,
    "input_name": "input",
    "mode": 5,
    "model": "/home/fibo/fibocom_slz/modules/fiboaistack_229_env/outputs/radio_map_liteunet.dlc",
    "ok": true,
    "output_len": 65536,
    "output_max": 2.6640625,
    "output_mean": 0.46273428201675415,
    "output_min": -1.513671875,
    "output_name": "output",
    "output_npy": "/home/fibo/fibocom_slz/modules/radio_map_qcs6490_deploy/outputs/snpe_gpu_repro_test100/samples/367_k0_gpu_snpe.npy",
    "release_code": 0,
    "repeat": 1,
    "runtime": "GPU",
    "sample": {
      "has_valid_mask": true,
      "has_y": true,
      "sample_path": "/home/fibo/fibocom_slz/modules/radio-map-estimation-workbench/modules/m2/runs/datas/features/v1_base_256_k1_landuse3/367_k0.npz",
      "x_shape_chw": [
        7,
        256,
        256
      ],
      "x_shape_nhwc": [
        1,
        256,
        256,
        7
      ]
    },
    "sample_id": "367_k0",
    "warmup": 1
  },
  "real_sample_metrics": {
    "cpu_gpu_dbm_diff": {
      "abs_diff_max_db": 0.0826263427734375,
      "abs_diff_mean_db": 0.009379885159432888,
      "rmse_db": 0.012868985533714294
    },
    "cpu_vs_label": {
      "label_dbm_max": -78.75,
      "label_dbm_mean": -117.1112060546875,
      "label_dbm_min": -140.0,
      "mae_db": 1.5914236307144165,
      "pred_dbm_max": -88.42791748046875,
      "pred_dbm_mean": -116.65162658691406,
      "pred_dbm_min": -141.9980926513672,
      "psnr_db": 27.52629095500179,
      "rmse_db": 2.575084858949747,
      "valid_pixels": 65536
    },
    "gpu_vs_label": {
      "label_dbm_max": -78.75,
      "label_dbm_mean": -117.1112060546875,
      "label_dbm_min": -140.0,
      "mae_db": 1.5925822257995605,
      "pred_dbm_max": -88.44927978515625,
      "pred_dbm_mean": -116.65497589111328,
      "pred_dbm_min": -141.978759765625,
      "psnr_db": 27.53306251271857,
      "rmse_db": 2.5730780938250994,
      "valid_pixels": 65536
    },
    "label_norm": {
      "type": "standard",
      "y_mean": -122.58401346206665,
      "y_std": 12.813038764458584
    },
    "ok": true
  },
  "sample_id": "367_k0"
}