{
  "cpu": {
    "execute_ms": [
      972.5263399886899
    ],
    "execute_ms_avg": 972.5263399886899,
    "execute_ms_max": 972.5263399886899,
    "execute_ms_min": 972.5263399886899,
    "fetch_ms": [
      8.055504993535578
    ],
    "fetch_ms_avg": 8.055504993535578,
    "framework": "snpe",
    "init_code": 0,
    "init_ms": 144.38612302183174,
    "input_name": "input",
    "mode": 5,
    "model": "/home/fibo/fibocom_slz/modules/fiboaistack_229_env/outputs/radio_map_liteunet.dlc",
    "ok": true,
    "output_len": 65536,
    "output_max": 2.598449230194092,
    "output_mean": 0.3686867952346802,
    "output_min": -1.503232479095459,
    "output_name": "output",
    "output_npy": "/home/fibo/fibocom_slz/modules/radio_map_qcs6490_deploy/outputs/snpe_gpu_repro_test100/samples/370_k1_cpu_snpe.npy",
    "release_code": 0,
    "repeat": 1,
    "runtime": "CPU",
    "sample": {
      "has_valid_mask": true,
      "has_y": true,
      "sample_path": "/home/fibo/fibocom_slz/modules/radio-map-estimation-workbench/modules/m2/runs/datas/features/v1_base_256_k1_landuse3/370_k1.npz",
      "x_shape_chw": [
        7,
        256,
        256
      ],
      "x_shape_nhwc": [
        1,
        256,
        256,
        7
      ]
    },
    "sample_id": "370_k1",
    "warmup": 1
  },
  "diff": {
    "abs_diff_max": 0.00658947229385376,
    "abs_diff_mean": 0.000726369908079505,
    "cpu_max": 2.598449230194092,
    "cpu_mean": 0.3686867952346802,
    "cpu_min": -1.503232479095459,
    "diff_mean": -9.326784493168816e-05,
    "gpu_max": 2.59765625,
    "gpu_mean": 0.3685935437679291,
    "gpu_min": -1.501953125,
    "rmse": 0.0009574016439728439,
    "shape": [
      256,
      256
    ]
  },
  "gpu": {
    "execute_ms": [
      278.03868500632234
    ],
    "execute_ms_avg": 278.03868500632234,
    "execute_ms_max": 278.03868500632234,
    "execute_ms_min": 278.03868500632234,
    "fetch_ms": [
      21.956762997433543
    ],
    "fetch_ms_avg": 21.956762997433543,
    "framework": "snpe",
    "init_code": 0,
    "init_ms": 1092.465514986543,
    "input_name": "input",
    "mode": 5,
    "model": "/home/fibo/fibocom_slz/modules/fiboaistack_229_env/outputs/radio_map_liteunet.dlc",
    "ok": true,
    "output_len": 65536,
    "output_max": 2.59765625,
    "output_mean": 0.3685935437679291,
    "output_min": -1.501953125,
    "output_name": "output",
    "output_npy": "/home/fibo/fibocom_slz/modules/radio_map_qcs6490_deploy/outputs/snpe_gpu_repro_test100/samples/370_k1_gpu_snpe.npy",
    "release_code": 0,
    "repeat": 1,
    "runtime": "GPU",
    "sample": {
      "has_valid_mask": true,
      "has_y": true,
      "sample_path": "/home/fibo/fibocom_slz/modules/radio-map-estimation-workbench/modules/m2/runs/datas/features/v1_base_256_k1_landuse3/370_k1.npz",
      "x_shape_chw": [
        7,
        256,
        256
      ],
      "x_shape_nhwc": [
        1,
        256,
        256,
        7
      ]
    },
    "sample_id": "370_k1",
    "warmup": 1
  },
  "real_sample_metrics": {
    "cpu_gpu_dbm_diff": {
      "abs_diff_max_db": 0.0844268798828125,
      "abs_diff_mean_db": 0.009307031519711018,
      "rmse_db": 0.012267268262803555
    },
    "cpu_vs_label": {
      "label_dbm_max": -77.75,
      "label_dbm_mean": -118.47259521484375,
      "label_dbm_min": -140.0,
      "mae_db": 1.462304711341858,
      "pred_dbm_max": -89.28998565673828,
      "pred_dbm_mean": -117.86001586914062,
      "pred_dbm_min": -141.84498596191406,
      "psnr_db": 27.369660625539577,
      "rmse_db": 2.664749101776965,
      "valid_pixels": 65536
    },
    "gpu_vs_label": {
      "label_dbm_max": -77.75,
      "label_dbm_mean": -118.47259521484375,
      "label_dbm_min": -140.0,
      "mae_db": 1.4646930694580078,
      "pred_dbm_max": -89.30014038085938,
      "pred_dbm_mean": -117.86121368408203,
      "pred_dbm_min": -141.82859802246094,
      "psnr_db": 27.370836954503567,
      "rmse_db": 2.664388239570598,
      "valid_pixels": 65536
    },
    "label_norm": {
      "type": "standard",
      "y_mean": -122.58401346206665,
      "y_std": 12.813038764458584
    },
    "ok": true
  },
  "sample_id": "370_k1"
}