{
  "cpu": {
    "execute_ms": [
      926.9278720021248
    ],
    "execute_ms_avg": 926.9278720021248,
    "execute_ms_max": 926.9278720021248,
    "execute_ms_min": 926.9278720021248,
    "fetch_ms": [
      5.906634993152693
    ],
    "fetch_ms_avg": 5.906634993152693,
    "framework": "snpe",
    "init_code": 0,
    "init_ms": 148.56432197848335,
    "input_name": "input",
    "mode": 5,
    "model": "/home/fibo/fibocom_slz/modules/fiboaistack_229_env/outputs/radio_map_liteunet.dlc",
    "ok": true,
    "output_len": 65536,
    "output_max": 2.8646860122680664,
    "output_mean": 0.021415382623672485,
    "output_min": -1.5960941314697266,
    "output_name": "output",
    "output_npy": "/home/fibo/fibocom_slz/modules/radio_map_qcs6490_deploy/outputs/snpe_gpu_repro_test100/samples/370_k0_cpu_snpe.npy",
    "release_code": 0,
    "repeat": 1,
    "runtime": "CPU",
    "sample": {
      "has_valid_mask": true,
      "has_y": true,
      "sample_path": "/home/fibo/fibocom_slz/modules/radio-map-estimation-workbench/modules/m2/runs/datas/features/v1_base_256_k1_landuse3/370_k0.npz",
      "x_shape_chw": [
        7,
        256,
        256
      ],
      "x_shape_nhwc": [
        1,
        256,
        256,
        7
      ]
    },
    "sample_id": "370_k0",
    "warmup": 1
  },
  "diff": {
    "abs_diff_max": 0.007113456726074219,
    "abs_diff_mean": 0.0011269573587924242,
    "cpu_max": 2.8646860122680664,
    "cpu_mean": 0.021415382623672485,
    "cpu_min": -1.5960941314697266,
    "diff_mean": -0.0006188146653585136,
    "gpu_max": 2.86328125,
    "gpu_mean": 0.02079656720161438,
    "gpu_min": -1.5947265625,
    "rmse": 0.0012512559769675136,
    "shape": [
      256,
      256
    ]
  },
  "gpu": {
    "execute_ms": [
      311.21003499720246
    ],
    "execute_ms_avg": 311.21003499720246,
    "execute_ms_max": 311.21003499720246,
    "execute_ms_min": 311.21003499720246,
    "fetch_ms": [
      21.474655979545787
    ],
    "fetch_ms_avg": 21.474655979545787,
    "framework": "snpe",
    "init_code": 0,
    "init_ms": 1134.9402209743857,
    "input_name": "input",
    "mode": 5,
    "model": "/home/fibo/fibocom_slz/modules/fiboaistack_229_env/outputs/radio_map_liteunet.dlc",
    "ok": true,
    "output_len": 65536,
    "output_max": 2.86328125,
    "output_mean": 0.02079656720161438,
    "output_min": -1.5947265625,
    "output_name": "output",
    "output_npy": "/home/fibo/fibocom_slz/modules/radio_map_qcs6490_deploy/outputs/snpe_gpu_repro_test100/samples/370_k0_gpu_snpe.npy",
    "release_code": 0,
    "repeat": 1,
    "runtime": "GPU",
    "sample": {
      "has_valid_mask": true,
      "has_y": true,
      "sample_path": "/home/fibo/fibocom_slz/modules/radio-map-estimation-workbench/modules/m2/runs/datas/features/v1_base_256_k1_landuse3/370_k0.npz",
      "x_shape_chw": [
        7,
        256,
        256
      ],
      "x_shape_nhwc": [
        1,
        256,
        256,
        7
      ]
    },
    "sample_id": "370_k0",
    "warmup": 1
  },
  "real_sample_metrics": {
    "cpu_gpu_dbm_diff": {
      "abs_diff_max_db": 0.0911407470703125,
      "abs_diff_mean_db": 0.014439760707318783,
      "rmse_db": 0.016032401472330093
    },
    "cpu_vs_label": {
      "label_dbm_max": -78.75,
      "label_dbm_mean": -120.5982666015625,
      "label_dbm_min": -140.0,
      "mae_db": 2.757903575897217,
      "pred_dbm_max": -85.87867736816406,
      "pred_dbm_mean": -122.30961608886719,
      "pred_dbm_min": -143.0348358154297,
      "psnr_db": 23.97756053666958,
      "rmse_db": 3.8746106352074774,
      "valid_pixels": 65536
    },
    "gpu_vs_label": {
      "label_dbm_max": -78.75,
      "label_dbm_mean": -120.5982666015625,
      "label_dbm_min": -140.0,
      "mae_db": 2.7662672996520996,
      "pred_dbm_max": -85.89668273925781,
      "pred_dbm_mean": -122.31755065917969,
      "pred_dbm_min": -143.01730346679688,
      "psnr_db": 23.9640197076743,
      "rmse_db": 3.880655652915985,
      "valid_pixels": 65536
    },
    "label_norm": {
      "type": "standard",
      "y_mean": -122.58401346206665,
      "y_std": 12.813038764458584
    },
    "ok": true
  },
  "sample_id": "370_k0"
}