{
  "cpu": {
    "execute_ms": [
      944.3348670029081
    ],
    "execute_ms_avg": 944.3348670029081,
    "execute_ms_max": 944.3348670029081,
    "execute_ms_min": 944.3348670029081,
    "fetch_ms": [
      5.661600996972993
    ],
    "fetch_ms_avg": 5.661600996972993,
    "framework": "snpe",
    "init_code": 0,
    "init_ms": 148.73170299688354,
    "input_name": "input",
    "mode": 5,
    "model": "/home/fibo/fibocom_slz/modules/fiboaistack_229_env/outputs/radio_map_liteunet.dlc",
    "ok": true,
    "output_len": 65536,
    "output_max": 2.892609119415283,
    "output_mean": 0.6091678738594055,
    "output_min": -1.491523027420044,
    "output_name": "output",
    "output_npy": "/home/fibo/fibocom_slz/modules/radio_map_qcs6490_deploy/outputs/snpe_gpu_repro_test100/samples/387_k1_cpu_snpe.npy",
    "release_code": 0,
    "repeat": 1,
    "runtime": "CPU",
    "sample": {
      "has_valid_mask": true,
      "has_y": true,
      "sample_path": "/home/fibo/fibocom_slz/modules/radio-map-estimation-workbench/modules/m2/runs/datas/features/v1_base_256_k1_landuse3/387_k1.npz",
      "x_shape_chw": [
        7,
        256,
        256
      ],
      "x_shape_nhwc": [
        1,
        256,
        256,
        7
      ]
    },
    "sample_id": "387_k1",
    "warmup": 1
  },
  "diff": {
    "abs_diff_max": 0.00696718692779541,
    "abs_diff_mean": 0.0010332684032619,
    "cpu_max": 2.892609119415283,
    "cpu_mean": 0.6091678738594055,
    "cpu_min": -1.491523027420044,
    "diff_mean": -0.0007620741962455213,
    "gpu_max": 2.888671875,
    "gpu_mean": 0.6084058284759521,
    "gpu_min": -1.4892578125,
    "rmse": 0.001197666279040277,
    "shape": [
      256,
      256
    ]
  },
  "gpu": {
    "execute_ms": [
      291.9867339951452
    ],
    "execute_ms_avg": 291.9867339951452,
    "execute_ms_max": 291.9867339951452,
    "execute_ms_min": 291.9867339951452,
    "fetch_ms": [
      21.52444000239484
    ],
    "fetch_ms_avg": 21.52444000239484,
    "framework": "snpe",
    "init_code": 0,
    "init_ms": 1086.3765029935166,
    "input_name": "input",
    "mode": 5,
    "model": "/home/fibo/fibocom_slz/modules/fiboaistack_229_env/outputs/radio_map_liteunet.dlc",
    "ok": true,
    "output_len": 65536,
    "output_max": 2.888671875,
    "output_mean": 0.6084058284759521,
    "output_min": -1.4892578125,
    "output_name": "output",
    "output_npy": "/home/fibo/fibocom_slz/modules/radio_map_qcs6490_deploy/outputs/snpe_gpu_repro_test100/samples/387_k1_gpu_snpe.npy",
    "release_code": 0,
    "repeat": 1,
    "runtime": "GPU",
    "sample": {
      "has_valid_mask": true,
      "has_y": true,
      "sample_path": "/home/fibo/fibocom_slz/modules/radio-map-estimation-workbench/modules/m2/runs/datas/features/v1_base_256_k1_landuse3/387_k1.npz",
      "x_shape_chw": [
        7,
        256,
        256
      ],
      "x_shape_nhwc": [
        1,
        256,
        256,
        7
      ]
    },
    "sample_id": "387_k1",
    "warmup": 1
  },
  "real_sample_metrics": {
    "cpu_gpu_dbm_diff": {
      "abs_diff_max_db": 0.08927154541015625,
      "abs_diff_mean_db": 0.013239286839962006,
      "rmse_db": 0.01534570474177599
    },
    "cpu_vs_label": {
      "label_dbm_max": -77.75,
      "label_dbm_mean": -115.68241882324219,
      "label_dbm_min": -140.0,
      "mae_db": 2.3472392559051514,
      "pred_dbm_max": -85.52090454101562,
      "pred_dbm_mean": -114.77871704101562,
      "pred_dbm_min": -141.69496154785156,
      "psnr_db": 25.62075193515713,
      "rmse_db": 3.259130563466907,
      "valid_pixels": 65536
    },
    "gpu_vs_label": {
      "label_dbm_max": -77.75,
      "label_dbm_mean": -115.68241882324219,
      "label_dbm_min": -140.0,
      "mae_db": 2.346611261367798,
      "pred_dbm_max": -85.57135009765625,
      "pred_dbm_mean": -114.78849029541016,
      "pred_dbm_min": -141.6659393310547,
      "psnr_db": 25.633036718373404,
      "rmse_db": 3.254524309642757,
      "valid_pixels": 65536
    },
    "label_norm": {
      "type": "standard",
      "y_mean": -122.58401346206665,
      "y_std": 12.813038764458584
    },
    "ok": true
  },
  "sample_id": "387_k1"
}