{
  "cpu": {
    "execute_ms": [
      991.1736860231031
    ],
    "execute_ms_avg": 991.1736860231031,
    "execute_ms_max": 991.1736860231031,
    "execute_ms_min": 991.1736860231031,
    "fetch_ms": [
      6.057654012693092
    ],
    "fetch_ms_avg": 6.057654012693092,
    "framework": "snpe",
    "init_code": 0,
    "init_ms": 151.11200298997574,
    "input_name": "input",
    "mode": 5,
    "model": "/home/fibo/fibocom_slz/modules/fiboaistack_229_env/outputs/radio_map_liteunet.dlc",
    "ok": true,
    "output_len": 65536,
    "output_max": 2.9208579063415527,
    "output_mean": 0.5006922483444214,
    "output_min": -1.5186946392059326,
    "output_name": "output",
    "output_npy": "/home/fibo/fibocom_slz/modules/radio_map_qcs6490_deploy/outputs/snpe_gpu_repro_test100/samples/387_k0_cpu_snpe.npy",
    "release_code": 0,
    "repeat": 1,
    "runtime": "CPU",
    "sample": {
      "has_valid_mask": true,
      "has_y": true,
      "sample_path": "/home/fibo/fibocom_slz/modules/radio-map-estimation-workbench/modules/m2/runs/datas/features/v1_base_256_k1_landuse3/387_k0.npz",
      "x_shape_chw": [
        7,
        256,
        256
      ],
      "x_shape_nhwc": [
        1,
        256,
        256,
        7
      ]
    },
    "sample_id": "387_k0",
    "warmup": 1
  },
  "diff": {
    "abs_diff_max": 0.0064258575439453125,
    "abs_diff_mean": 0.0010925100650638342,
    "cpu_max": 2.9208579063415527,
    "cpu_mean": 0.5006922483444214,
    "cpu_min": -1.5186946392059326,
    "diff_mean": -0.000801185960881412,
    "gpu_max": 2.91796875,
    "gpu_mean": 0.49989110231399536,
    "gpu_min": -1.515625,
    "rmse": 0.001236921758390963,
    "shape": [
      256,
      256
    ]
  },
  "gpu": {
    "execute_ms": [
      270.3744979808107
    ],
    "execute_ms_avg": 270.3744979808107,
    "execute_ms_max": 270.3744979808107,
    "execute_ms_min": 270.3744979808107,
    "fetch_ms": [
      29.8354480182752
    ],
    "fetch_ms_avg": 29.8354480182752,
    "framework": "snpe",
    "init_code": 0,
    "init_ms": 1061.7442019865848,
    "input_name": "input",
    "mode": 5,
    "model": "/home/fibo/fibocom_slz/modules/fiboaistack_229_env/outputs/radio_map_liteunet.dlc",
    "ok": true,
    "output_len": 65536,
    "output_max": 2.91796875,
    "output_mean": 0.49989110231399536,
    "output_min": -1.515625,
    "output_name": "output",
    "output_npy": "/home/fibo/fibocom_slz/modules/radio_map_qcs6490_deploy/outputs/snpe_gpu_repro_test100/samples/387_k0_gpu_snpe.npy",
    "release_code": 0,
    "repeat": 1,
    "runtime": "GPU",
    "sample": {
      "has_valid_mask": true,
      "has_y": true,
      "sample_path": "/home/fibo/fibocom_slz/modules/radio-map-estimation-workbench/modules/m2/runs/datas/features/v1_base_256_k1_landuse3/387_k0.npz",
      "x_shape_chw": [
        7,
        256,
        256
      ],
      "x_shape_nhwc": [
        1,
        256,
        256,
        7
      ]
    },
    "sample_id": "387_k0",
    "warmup": 1
  },
  "real_sample_metrics": {
    "cpu_gpu_dbm_diff": {
      "abs_diff_max_db": 0.08233642578125,
      "abs_diff_mean_db": 0.013998365961015224,
      "rmse_db": 0.015848694369196892
    },
    "cpu_vs_label": {
      "label_dbm_max": -77.75,
      "label_dbm_mean": -117.42628479003906,
      "label_dbm_min": -140.0,
      "mae_db": 2.7739129066467285,
      "pred_dbm_max": -85.15895080566406,
      "pred_dbm_mean": -116.16863250732422,
      "pred_dbm_min": -142.04310607910156,
      "psnr_db": 24.400356110173856,
      "rmse_db": 3.750779643075317,
      "valid_pixels": 65536
    },
    "gpu_vs_label": {
      "label_dbm_max": -77.75,
      "label_dbm_mean": -117.42628479003906,
      "label_dbm_min": -140.0,
      "mae_db": 2.771043300628662,
      "pred_dbm_max": -85.19596862792969,
      "pred_dbm_mean": -116.17888641357422,
      "pred_dbm_min": -142.0037841796875,
      "psnr_db": 24.412204288386082,
      "rmse_db": 3.745666797798736,
      "valid_pixels": 65536
    },
    "label_norm": {
      "type": "standard",
      "y_mean": -122.58401346206665,
      "y_std": 12.813038764458584
    },
    "ok": true
  },
  "sample_id": "387_k0"
}