{
  "cpu": {
    "execute_ms": [
      1015.2150789799634
    ],
    "execute_ms_avg": 1015.2150789799634,
    "execute_ms_max": 1015.2150789799634,
    "execute_ms_min": 1015.2150789799634,
    "fetch_ms": [
      5.500683997524902
    ],
    "fetch_ms_avg": 5.500683997524902,
    "framework": "snpe",
    "init_code": 0,
    "init_ms": 138.89969300362282,
    "input_name": "input",
    "mode": 5,
    "model": "/home/fibo/fibocom_slz/modules/fiboaistack_229_env/outputs/radio_map_liteunet.dlc",
    "ok": true,
    "output_len": 65536,
    "output_max": 2.565079689025879,
    "output_mean": 0.5933340787887573,
    "output_min": -1.510535717010498,
    "output_name": "output",
    "output_npy": "/home/fibo/fibocom_slz/modules/radio_map_qcs6490_deploy/outputs/snpe_gpu_repro_test100/samples/389_k1_cpu_snpe.npy",
    "release_code": 0,
    "repeat": 1,
    "runtime": "CPU",
    "sample": {
      "has_valid_mask": true,
      "has_y": true,
      "sample_path": "/home/fibo/fibocom_slz/modules/radio-map-estimation-workbench/modules/m2/runs/datas/features/v1_base_256_k1_landuse3/389_k1.npz",
      "x_shape_chw": [
        7,
        256,
        256
      ],
      "x_shape_nhwc": [
        1,
        256,
        256,
        7
      ]
    },
    "sample_id": "389_k1",
    "warmup": 1
  },
  "diff": {
    "abs_diff_max": 0.0064983367919921875,
    "abs_diff_mean": 0.0008675691206008196,
    "cpu_max": 2.565079689025879,
    "cpu_mean": 0.5933340787887573,
    "cpu_min": -1.510535717010498,
    "diff_mean": -0.0005265657673589885,
    "gpu_max": 2.5625,
    "gpu_mean": 0.5928075909614563,
    "gpu_min": -1.5087890625,
    "rmse": 0.001070073340088129,
    "shape": [
      256,
      256
    ]
  },
  "gpu": {
    "execute_ms": [
      302.55920899799094
    ],
    "execute_ms_avg": 302.55920899799094,
    "execute_ms_max": 302.55920899799094,
    "execute_ms_min": 302.55920899799094,
    "fetch_ms": [
      22.479943989310414
    ],
    "fetch_ms_avg": 22.479943989310414,
    "framework": "snpe",
    "init_code": 0,
    "init_ms": 1058.174631005386,
    "input_name": "input",
    "mode": 5,
    "model": "/home/fibo/fibocom_slz/modules/fiboaistack_229_env/outputs/radio_map_liteunet.dlc",
    "ok": true,
    "output_len": 65536,
    "output_max": 2.5625,
    "output_mean": 0.5928075909614563,
    "output_min": -1.5087890625,
    "output_name": "output",
    "output_npy": "/home/fibo/fibocom_slz/modules/radio_map_qcs6490_deploy/outputs/snpe_gpu_repro_test100/samples/389_k1_gpu_snpe.npy",
    "release_code": 0,
    "repeat": 1,
    "runtime": "GPU",
    "sample": {
      "has_valid_mask": true,
      "has_y": true,
      "sample_path": "/home/fibo/fibocom_slz/modules/radio-map-estimation-workbench/modules/m2/runs/datas/features/v1_base_256_k1_landuse3/389_k1.npz",
      "x_shape_chw": [
        7,
        256,
        256
      ],
      "x_shape_nhwc": [
        1,
        256,
        256,
        7
      ]
    },
    "sample_id": "389_k1",
    "warmup": 1
  },
  "real_sample_metrics": {
    "cpu_gpu_dbm_diff": {
      "abs_diff_max_db": 0.08325958251953125,
      "abs_diff_mean_db": 0.011116155423223972,
      "rmse_db": 0.013710825704038143
    },
    "cpu_vs_label": {
      "label_dbm_max": -78.75,
      "label_dbm_mean": -115.71237182617188,
      "label_dbm_min": -140.0,
      "mae_db": 1.6672279834747314,
      "pred_dbm_max": -89.71754455566406,
      "pred_dbm_mean": -114.98160552978516,
      "pred_dbm_min": -141.93856811523438,
      "psnr_db": 26.5559051532141,
      "rmse_db": 2.879458577603484,
      "valid_pixels": 65536
    },
    "gpu_vs_label": {
      "label_dbm_max": -78.75,
      "label_dbm_mean": -115.71237182617188,
      "label_dbm_min": -140.0,
      "mae_db": 1.6657015085220337,
      "pred_dbm_max": -89.75060272216797,
      "pred_dbm_mean": -114.98834991455078,
      "pred_dbm_min": -141.9161834716797,
      "psnr_db": 26.56077831666554,
      "rmse_db": 2.8778435286772135,
      "valid_pixels": 65536
    },
    "label_norm": {
      "type": "standard",
      "y_mean": -122.58401346206665,
      "y_std": 12.813038764458584
    },
    "ok": true
  },
  "sample_id": "389_k1"
}