{
  "cpu": {
    "execute_ms": [
      1071.581577998586
    ],
    "execute_ms_avg": 1071.581577998586,
    "execute_ms_max": 1071.581577998586,
    "execute_ms_min": 1071.581577998586,
    "fetch_ms": [
      6.224176991963759
    ],
    "fetch_ms_avg": 6.224176991963759,
    "framework": "snpe",
    "init_code": 0,
    "init_ms": 146.0947239829693,
    "input_name": "input",
    "mode": 5,
    "model": "/home/fibo/fibocom_slz/modules/fiboaistack_229_env/outputs/radio_map_liteunet.dlc",
    "ok": true,
    "output_len": 65536,
    "output_max": 2.9521877765655518,
    "output_mean": -0.09057363867759705,
    "output_min": -1.4660204648971558,
    "output_name": "output",
    "output_npy": "/home/fibo/fibocom_slz/modules/radio_map_qcs6490_deploy/outputs/snpe_gpu_repro_test100/samples/429_k1_cpu_snpe.npy",
    "release_code": 0,
    "repeat": 1,
    "runtime": "CPU",
    "sample": {
      "has_valid_mask": true,
      "has_y": true,
      "sample_path": "/home/fibo/fibocom_slz/modules/radio-map-estimation-workbench/modules/m2/runs/datas/features/v1_base_256_k1_landuse3/429_k1.npz",
      "x_shape_chw": [
        7,
        256,
        256
      ],
      "x_shape_nhwc": [
        1,
        256,
        256,
        7
      ]
    },
    "sample_id": "429_k1",
    "warmup": 1
  },
  "diff": {
    "abs_diff_max": 0.00641024112701416,
    "abs_diff_mean": 0.0008720179903320968,
    "cpu_max": 2.9521877765655518,
    "cpu_mean": -0.09057363867759705,
    "cpu_min": -1.4660204648971558,
    "diff_mean": 4.0929982787929475e-05,
    "gpu_max": 2.94921875,
    "gpu_mean": -0.09053272008895874,
    "gpu_min": -1.4638671875,
    "rmse": 0.0011300428304821253,
    "shape": [
      256,
      256
    ]
  },
  "gpu": {
    "execute_ms": [
      289.961611997569
    ],
    "execute_ms_avg": 289.961611997569,
    "execute_ms_max": 289.961611997569,
    "execute_ms_min": 289.961611997569,
    "fetch_ms": [
      20.06665398948826
    ],
    "fetch_ms_avg": 20.06665398948826,
    "framework": "snpe",
    "init_code": 0,
    "init_ms": 1072.122154000681,
    "input_name": "input",
    "mode": 5,
    "model": "/home/fibo/fibocom_slz/modules/fiboaistack_229_env/outputs/radio_map_liteunet.dlc",
    "ok": true,
    "output_len": 65536,
    "output_max": 2.94921875,
    "output_mean": -0.09053272008895874,
    "output_min": -1.4638671875,
    "output_name": "output",
    "output_npy": "/home/fibo/fibocom_slz/modules/radio_map_qcs6490_deploy/outputs/snpe_gpu_repro_test100/samples/429_k1_gpu_snpe.npy",
    "release_code": 0,
    "repeat": 1,
    "runtime": "GPU",
    "sample": {
      "has_valid_mask": true,
      "has_y": true,
      "sample_path": "/home/fibo/fibocom_slz/modules/radio-map-estimation-workbench/modules/m2/runs/datas/features/v1_base_256_k1_landuse3/429_k1.npz",
      "x_shape_chw": [
        7,
        256,
        256
      ],
      "x_shape_nhwc": [
        1,
        256,
        256,
        7
      ]
    },
    "sample_id": "429_k1",
    "warmup": 1
  },
  "real_sample_metrics": {
    "cpu_gpu_dbm_diff": {
      "abs_diff_max_db": 0.0821380615234375,
      "abs_diff_mean_db": 0.011173264123499393,
      "rmse_db": 0.014479383826255798
    },
    "cpu_vs_label": {
      "label_dbm_max": -77.75,
      "label_dbm_mean": -125.58973693847656,
      "label_dbm_min": -140.0,
      "mae_db": 2.461538553237915,
      "pred_dbm_max": -84.75752258300781,
      "pred_dbm_mean": -123.74453735351562,
      "pred_dbm_min": -141.36819458007812,
      "psnr_db": 24.767941296515854,
      "rmse_db": 3.5953592429175036,
      "valid_pixels": 65536
    },
    "gpu_vs_label": {
      "label_dbm_max": -77.75,
      "label_dbm_mean": -125.58973693847656,
      "label_dbm_min": -140.0,
      "mae_db": 2.4631919860839844,
      "pred_dbm_max": -84.79556274414062,
      "pred_dbm_mean": -123.74401092529297,
      "pred_dbm_min": -141.34060668945312,
      "psnr_db": 24.77462272056951,
      "rmse_db": 3.5925946576118726,
      "valid_pixels": 65536
    },
    "label_norm": {
      "type": "standard",
      "y_mean": -122.58401346206665,
      "y_std": 12.813038764458584
    },
    "ok": true
  },
  "sample_id": "429_k1"
}