{
  "cpu": {
    "execute_ms": [
      976.3112110085785
    ],
    "execute_ms_avg": 976.3112110085785,
    "execute_ms_max": 976.3112110085785,
    "execute_ms_min": 976.3112110085785,
    "fetch_ms": [
      7.074006018228829
    ],
    "fetch_ms_avg": 7.074006018228829,
    "framework": "snpe",
    "init_code": 0,
    "init_ms": 149.53921097912826,
    "input_name": "input",
    "mode": 5,
    "model": "/home/fibo/fibocom_slz/modules/fiboaistack_229_env/outputs/radio_map_liteunet.dlc",
    "ok": true,
    "output_len": 65536,
    "output_max": 2.540607213973999,
    "output_mean": -0.2480974942445755,
    "output_min": -1.4733034372329712,
    "output_name": "output",
    "output_npy": "/home/fibo/fibocom_slz/modules/radio_map_qcs6490_deploy/outputs/snpe_gpu_repro_test100/samples/44_k0_cpu_snpe.npy",
    "release_code": 0,
    "repeat": 1,
    "runtime": "CPU",
    "sample": {
      "has_valid_mask": true,
      "has_y": true,
      "sample_path": "/home/fibo/fibocom_slz/modules/radio-map-estimation-workbench/modules/m2/runs/datas/features/v1_base_256_k1_landuse3/44_k0.npz",
      "x_shape_chw": [
        7,
        256,
        256
      ],
      "x_shape_nhwc": [
        1,
        256,
        256,
        7
      ]
    },
    "sample_id": "44_k0",
    "warmup": 1
  },
  "diff": {
    "abs_diff_max": 0.0069633424282073975,
    "abs_diff_mean": 0.0011940746335312724,
    "cpu_max": 2.540607213973999,
    "cpu_mean": -0.2480974942445755,
    "cpu_min": -1.4733034372329712,
    "diff_mean": 0.0002943427534773946,
    "gpu_max": 2.537109375,
    "gpu_mean": -0.24780318140983582,
    "gpu_min": -1.4716796875,
    "rmse": 0.0013937054900452495,
    "shape": [
      256,
      256
    ]
  },
  "gpu": {
    "execute_ms": [
      285.5720469960943
    ],
    "execute_ms_avg": 285.5720469960943,
    "execute_ms_max": 285.5720469960943,
    "execute_ms_min": 285.5720469960943,
    "fetch_ms": [
      24.825484986649826
    ],
    "fetch_ms_avg": 24.825484986649826,
    "framework": "snpe",
    "init_code": 0,
    "init_ms": 1079.0823609859217,
    "input_name": "input",
    "mode": 5,
    "model": "/home/fibo/fibocom_slz/modules/fiboaistack_229_env/outputs/radio_map_liteunet.dlc",
    "ok": true,
    "output_len": 65536,
    "output_max": 2.537109375,
    "output_mean": -0.24780318140983582,
    "output_min": -1.4716796875,
    "output_name": "output",
    "output_npy": "/home/fibo/fibocom_slz/modules/radio_map_qcs6490_deploy/outputs/snpe_gpu_repro_test100/samples/44_k0_gpu_snpe.npy",
    "release_code": 0,
    "repeat": 1,
    "runtime": "GPU",
    "sample": {
      "has_valid_mask": true,
      "has_y": true,
      "sample_path": "/home/fibo/fibocom_slz/modules/radio-map-estimation-workbench/modules/m2/runs/datas/features/v1_base_256_k1_landuse3/44_k0.npz",
      "x_shape_chw": [
        7,
        256,
        256
      ],
      "x_shape_nhwc": [
        1,
        256,
        256,
        7
      ]
    },
    "sample_id": "44_k0",
    "warmup": 1
  },
  "real_sample_metrics": {
    "cpu_gpu_dbm_diff": {
      "abs_diff_max_db": 0.08922576904296875,
      "abs_diff_mean_db": 0.015299888327717781,
      "rmse_db": 0.017857776954770088
    },
    "cpu_vs_label": {
      "label_dbm_max": -82.75,
      "label_dbm_mean": -125.66436767578125,
      "label_dbm_min": -140.0,
      "mae_db": 1.55686354637146,
      "pred_dbm_max": -90.03111267089844,
      "pred_dbm_mean": -125.76290893554688,
      "pred_dbm_min": -141.46151733398438,
      "psnr_db": 25.164440751130126,
      "rmse_db": 3.159027841211643,
      "valid_pixels": 65536
    },
    "gpu_vs_label": {
      "label_dbm_max": -82.75,
      "label_dbm_mean": -125.66436767578125,
      "label_dbm_min": -140.0,
      "mae_db": 1.5571240186691284,
      "pred_dbm_max": -90.07593536376953,
      "pred_dbm_mean": -125.75912475585938,
      "pred_dbm_min": -141.44070434570312,
      "psnr_db": 25.165976211434117,
      "rmse_db": 3.158469448998028,
      "valid_pixels": 65536
    },
    "label_norm": {
      "type": "standard",
      "y_mean": -122.58401346206665,
      "y_std": 12.813038764458584
    },
    "ok": true
  },
  "sample_id": "44_k0"
}