{
  "cpu": {
    "execute_ms": [
      993.3955860033166
    ],
    "execute_ms_avg": 993.3955860033166,
    "execute_ms_max": 993.3955860033166,
    "execute_ms_min": 993.3955860033166,
    "fetch_ms": [
      6.018383981427178
    ],
    "fetch_ms_avg": 6.018383981427178,
    "framework": "snpe",
    "init_code": 0,
    "init_ms": 157.24373501143418,
    "input_name": "input",
    "mode": 5,
    "model": "/home/fibo/fibocom_slz/modules/fiboaistack_229_env/outputs/radio_map_liteunet.dlc",
    "ok": true,
    "output_len": 65536,
    "output_max": 3.042001724243164,
    "output_mean": 0.6998365521430969,
    "output_min": -1.5872186422348022,
    "output_name": "output",
    "output_npy": "/home/fibo/fibocom_slz/modules/radio_map_qcs6490_deploy/outputs/snpe_gpu_repro_test100/samples/459_k1_cpu_snpe.npy",
    "release_code": 0,
    "repeat": 1,
    "runtime": "CPU",
    "sample": {
      "has_valid_mask": true,
      "has_y": true,
      "sample_path": "/home/fibo/fibocom_slz/modules/radio-map-estimation-workbench/modules/m2/runs/datas/features/v1_base_256_k1_landuse3/459_k1.npz",
      "x_shape_chw": [
        7,
        256,
        256
      ],
      "x_shape_nhwc": [
        1,
        256,
        256,
        7
      ]
    },
    "sample_id": "459_k1",
    "warmup": 1
  },
  "diff": {
    "abs_diff_max": 0.008075535297393799,
    "abs_diff_mean": 0.0006600287742912769,
    "cpu_max": 3.042001724243164,
    "cpu_mean": 0.6998365521430969,
    "cpu_min": -1.5872186422348022,
    "diff_mean": -0.00032878571073524654,
    "gpu_max": 3.037109375,
    "gpu_mean": 0.6995078325271606,
    "gpu_min": -1.583984375,
    "rmse": 0.0009411220089532435,
    "shape": [
      256,
      256
    ]
  },
  "gpu": {
    "execute_ms": [
      299.88780699204654
    ],
    "execute_ms_avg": 299.88780699204654,
    "execute_ms_max": 299.88780699204654,
    "execute_ms_min": 299.88780699204654,
    "fetch_ms": [
      18.051818973617628
    ],
    "fetch_ms_avg": 18.051818973617628,
    "framework": "snpe",
    "init_code": 0,
    "init_ms": 1075.7808809867129,
    "input_name": "input",
    "mode": 5,
    "model": "/home/fibo/fibocom_slz/modules/fiboaistack_229_env/outputs/radio_map_liteunet.dlc",
    "ok": true,
    "output_len": 65536,
    "output_max": 3.037109375,
    "output_mean": 0.6995078325271606,
    "output_min": -1.583984375,
    "output_name": "output",
    "output_npy": "/home/fibo/fibocom_slz/modules/radio_map_qcs6490_deploy/outputs/snpe_gpu_repro_test100/samples/459_k1_gpu_snpe.npy",
    "release_code": 0,
    "repeat": 1,
    "runtime": "GPU",
    "sample": {
      "has_valid_mask": true,
      "has_y": true,
      "sample_path": "/home/fibo/fibocom_slz/modules/radio-map-estimation-workbench/modules/m2/runs/datas/features/v1_base_256_k1_landuse3/459_k1.npz",
      "x_shape_chw": [
        7,
        256,
        256
      ],
      "x_shape_nhwc": [
        1,
        256,
        256,
        7
      ]
    },
    "sample_id": "459_k1",
    "warmup": 1
  },
  "real_sample_metrics": {
    "cpu_gpu_dbm_diff": {
      "abs_diff_max_db": 0.10347747802734375,
      "abs_diff_mean_db": 0.008456965908408165,
      "rmse_db": 0.012058617547154427
    },
    "cpu_vs_label": {
      "label_dbm_max": -76.25,
      "label_dbm_mean": -120.88404846191406,
      "label_dbm_min": -140.0,
      "mae_db": 8.504273414611816,
      "pred_dbm_max": -83.60672760009766,
      "pred_dbm_mean": -113.61697387695312,
      "pred_dbm_min": -142.92111206054688,
      "psnr_db": 16.594404981074902,
      "rmse_db": 9.435391828510332,
      "valid_pixels": 65536
    },
    "gpu_vs_label": {
      "label_dbm_max": -76.25,
      "label_dbm_mean": -120.88404846191406,
      "label_dbm_min": -140.0,
      "mae_db": 8.500829696655273,
      "pred_dbm_max": -83.66941833496094,
      "pred_dbm_mean": -113.62120056152344,
      "pred_dbm_min": -142.87966918945312,
      "psnr_db": 16.59864880373136,
      "rmse_db": 9.430782933990521,
      "valid_pixels": 65536
    },
    "label_norm": {
      "type": "standard",
      "y_mean": -122.58401346206665,
      "y_std": 12.813038764458584
    },
    "ok": true
  },
  "sample_id": "459_k1"
}