{
  "cpu": {
    "execute_ms": [
      1002.917551988503
    ],
    "execute_ms_avg": 1002.917551988503,
    "execute_ms_max": 1002.917551988503,
    "execute_ms_min": 1002.917551988503,
    "fetch_ms": [
      9.767032985109836
    ],
    "fetch_ms_avg": 9.767032985109836,
    "framework": "snpe",
    "init_code": 0,
    "init_ms": 157.54394000396132,
    "input_name": "input",
    "mode": 5,
    "model": "/home/fibo/fibocom_slz/modules/fiboaistack_229_env/outputs/radio_map_liteunet.dlc",
    "ok": true,
    "output_len": 65536,
    "output_max": 2.583803653717041,
    "output_mean": 0.8225170969963074,
    "output_min": -1.4635639190673828,
    "output_name": "output",
    "output_npy": "/home/fibo/fibocom_slz/modules/radio_map_qcs6490_deploy/outputs/snpe_gpu_repro_test100/samples/459_k0_cpu_snpe.npy",
    "release_code": 0,
    "repeat": 1,
    "runtime": "CPU",
    "sample": {
      "has_valid_mask": true,
      "has_y": true,
      "sample_path": "/home/fibo/fibocom_slz/modules/radio-map-estimation-workbench/modules/m2/runs/datas/features/v1_base_256_k1_landuse3/459_k0.npz",
      "x_shape_chw": [
        7,
        256,
        256
      ],
      "x_shape_nhwc": [
        1,
        256,
        256,
        7
      ]
    },
    "sample_id": "459_k0",
    "warmup": 1
  },
  "diff": {
    "abs_diff_max": 0.005678653717041016,
    "abs_diff_mean": 0.0010433285497128963,
    "cpu_max": 2.583803653717041,
    "cpu_mean": 0.8225170969963074,
    "cpu_min": -1.4635639190673828,
    "diff_mean": -0.0009055199334397912,
    "gpu_max": 2.578125,
    "gpu_mean": 0.8216114640235901,
    "gpu_min": -1.462890625,
    "rmse": 0.0011905061546713114,
    "shape": [
      256,
      256
    ]
  },
  "gpu": {
    "execute_ms": [
      278.47185599966906
    ],
    "execute_ms_avg": 278.47185599966906,
    "execute_ms_max": 278.47185599966906,
    "execute_ms_min": 278.47185599966906,
    "fetch_ms": [
      19.624332984676585
    ],
    "fetch_ms_avg": 19.624332984676585,
    "framework": "snpe",
    "init_code": 0,
    "init_ms": 1076.4682940207422,
    "input_name": "input",
    "mode": 5,
    "model": "/home/fibo/fibocom_slz/modules/fiboaistack_229_env/outputs/radio_map_liteunet.dlc",
    "ok": true,
    "output_len": 65536,
    "output_max": 2.578125,
    "output_mean": 0.8216114640235901,
    "output_min": -1.462890625,
    "output_name": "output",
    "output_npy": "/home/fibo/fibocom_slz/modules/radio_map_qcs6490_deploy/outputs/snpe_gpu_repro_test100/samples/459_k0_gpu_snpe.npy",
    "release_code": 0,
    "repeat": 1,
    "runtime": "GPU",
    "sample": {
      "has_valid_mask": true,
      "has_y": true,
      "sample_path": "/home/fibo/fibocom_slz/modules/radio-map-estimation-workbench/modules/m2/runs/datas/features/v1_base_256_k1_landuse3/459_k0.npz",
      "x_shape_chw": [
        7,
        256,
        256
      ],
      "x_shape_nhwc": [
        1,
        256,
        256,
        7
      ]
    },
    "sample_id": "459_k0",
    "warmup": 1
  },
  "real_sample_metrics": {
    "cpu_gpu_dbm_diff": {
      "abs_diff_max_db": 0.07276153564453125,
      "abs_diff_mean_db": 0.013368180021643639,
      "rmse_db": 0.015253943391144276
    },
    "cpu_vs_label": {
      "label_dbm_max": -82.75,
      "label_dbm_mean": -112.555908203125,
      "label_dbm_min": -140.0,
      "mae_db": 1.1852545738220215,
      "pred_dbm_max": -89.4776382446289,
      "pred_dbm_mean": -112.04508209228516,
      "pred_dbm_min": -141.3367156982422,
      "psnr_db": 28.389442271447653,
      "rmse_db": 2.1792315481336213,
      "valid_pixels": 65536
    },
    "gpu_vs_label": {
      "label_dbm_max": -82.75,
      "label_dbm_mean": -112.555908203125,
      "label_dbm_min": -140.0,
      "mae_db": 1.182269811630249,
      "pred_dbm_max": -89.55039978027344,
      "pred_dbm_mean": -112.05668640136719,
      "pred_dbm_min": -141.32809448242188,
      "psnr_db": 28.400842785133857,
      "rmse_db": 2.176373111895149,
      "valid_pixels": 65536
    },
    "label_norm": {
      "type": "standard",
      "y_mean": -122.58401346206665,
      "y_std": 12.813038764458584
    },
    "ok": true
  },
  "sample_id": "459_k0"
}