{
  "cpu": {
    "execute_ms": [
      1050.2445680031087
    ],
    "execute_ms_avg": 1050.2445680031087,
    "execute_ms_max": 1050.2445680031087,
    "execute_ms_min": 1050.2445680031087,
    "fetch_ms": [
      6.280578003497794
    ],
    "fetch_ms_avg": 6.280578003497794,
    "framework": "snpe",
    "init_code": 0,
    "init_ms": 143.37094099028036,
    "input_name": "input",
    "mode": 5,
    "model": "/home/fibo/fibocom_slz/modules/fiboaistack_229_env/outputs/radio_map_liteunet.dlc",
    "ok": true,
    "output_len": 65536,
    "output_max": 2.63249135017395,
    "output_mean": 0.09775575250387192,
    "output_min": -1.4986988306045532,
    "output_name": "output",
    "output_npy": "/home/fibo/fibocom_slz/modules/radio_map_qcs6490_deploy/outputs/snpe_gpu_repro_test100/samples/464_k1_cpu_snpe.npy",
    "release_code": 0,
    "repeat": 1,
    "runtime": "CPU",
    "sample": {
      "has_valid_mask": true,
      "has_y": true,
      "sample_path": "/home/fibo/fibocom_slz/modules/radio-map-estimation-workbench/modules/m2/runs/datas/features/v1_base_256_k1_landuse3/464_k1.npz",
      "x_shape_chw": [
        7,
        256,
        256
      ],
      "x_shape_nhwc": [
        1,
        256,
        256,
        7
      ]
    },
    "sample_id": "464_k1",
    "warmup": 1
  },
  "diff": {
    "abs_diff_max": 0.00666046142578125,
    "abs_diff_mean": 0.000943613878916949,
    "cpu_max": 2.63249135017395,
    "cpu_mean": 0.09775575250387192,
    "cpu_min": -1.4986988306045532,
    "diff_mean": 0.000438576185842976,
    "gpu_max": 2.630859375,
    "gpu_mean": 0.09819433093070984,
    "gpu_min": -1.4970703125,
    "rmse": 0.0011991545325145125,
    "shape": [
      256,
      256
    ]
  },
  "gpu": {
    "execute_ms": [
      300.2323379914742
    ],
    "execute_ms_avg": 300.2323379914742,
    "execute_ms_max": 300.2323379914742,
    "execute_ms_min": 300.2323379914742,
    "fetch_ms": [
      26.218172977678478
    ],
    "fetch_ms_avg": 26.218172977678478,
    "framework": "snpe",
    "init_code": 0,
    "init_ms": 1274.1623719921336,
    "input_name": "input",
    "mode": 5,
    "model": "/home/fibo/fibocom_slz/modules/fiboaistack_229_env/outputs/radio_map_liteunet.dlc",
    "ok": true,
    "output_len": 65536,
    "output_max": 2.630859375,
    "output_mean": 0.09819433093070984,
    "output_min": -1.4970703125,
    "output_name": "output",
    "output_npy": "/home/fibo/fibocom_slz/modules/radio_map_qcs6490_deploy/outputs/snpe_gpu_repro_test100/samples/464_k1_gpu_snpe.npy",
    "release_code": 0,
    "repeat": 1,
    "runtime": "GPU",
    "sample": {
      "has_valid_mask": true,
      "has_y": true,
      "sample_path": "/home/fibo/fibocom_slz/modules/radio-map-estimation-workbench/modules/m2/runs/datas/features/v1_base_256_k1_landuse3/464_k1.npz",
      "x_shape_chw": [
        7,
        256,
        256
      ],
      "x_shape_nhwc": [
        1,
        256,
        256,
        7
      ]
    },
    "sample_id": "464_k1",
    "warmup": 1
  },
  "real_sample_metrics": {
    "cpu_gpu_dbm_diff": {
      "abs_diff_max_db": 0.0853424072265625,
      "abs_diff_mean_db": 0.012090504169464111,
      "rmse_db": 0.01536471862345934
    },
    "cpu_vs_label": {
      "label_dbm_max": -77.75,
      "label_dbm_mean": -123.77894592285156,
      "label_dbm_min": -140.0,
      "mae_db": 2.9713656902313232,
      "pred_dbm_max": -88.85380554199219,
      "pred_dbm_mean": -121.33147430419922,
      "pred_dbm_min": -141.78689575195312,
      "psnr_db": 22.627252369269137,
      "rmse_db": 4.600200250662073,
      "valid_pixels": 65536
    },
    "gpu_vs_label": {
      "label_dbm_max": -77.75,
      "label_dbm_mean": -123.77894592285156,
      "label_dbm_min": -140.0,
      "mae_db": 2.978053092956543,
      "pred_dbm_max": -88.87471008300781,
      "pred_dbm_mean": -121.32584381103516,
      "pred_dbm_min": -141.7660369873047,
      "psnr_db": 22.61736265250965,
      "rmse_db": 4.605441001957333,
      "valid_pixels": 65536
    },
    "label_norm": {
      "type": "standard",
      "y_mean": -122.58401346206665,
      "y_std": 12.813038764458584
    },
    "ok": true
  },
  "sample_id": "464_k1"
}