{
  "cpu": {
    "execute_ms": [
      932.2588639915921
    ],
    "execute_ms_avg": 932.2588639915921,
    "execute_ms_max": 932.2588639915921,
    "execute_ms_min": 932.2588639915921,
    "fetch_ms": [
      6.43859599949792
    ],
    "fetch_ms_avg": 6.43859599949792,
    "framework": "snpe",
    "init_code": 0,
    "init_ms": 151.17872299742885,
    "input_name": "input",
    "mode": 5,
    "model": "/home/fibo/fibocom_slz/modules/fiboaistack_229_env/outputs/radio_map_liteunet.dlc",
    "ok": true,
    "output_len": 65536,
    "output_max": 2.9638304710388184,
    "output_mean": 0.13844425976276398,
    "output_min": -1.4974395036697388,
    "output_name": "output",
    "output_npy": "/home/fibo/fibocom_slz/modules/radio_map_qcs6490_deploy/outputs/snpe_gpu_repro_test100/samples/464_k0_cpu_snpe.npy",
    "release_code": 0,
    "repeat": 1,
    "runtime": "CPU",
    "sample": {
      "has_valid_mask": true,
      "has_y": true,
      "sample_path": "/home/fibo/fibocom_slz/modules/radio-map-estimation-workbench/modules/m2/runs/datas/features/v1_base_256_k1_landuse3/464_k0.npz",
      "x_shape_chw": [
        7,
        256,
        256
      ],
      "x_shape_nhwc": [
        1,
        256,
        256,
        7
      ]
    },
    "sample_id": "464_k0",
    "warmup": 1
  },
  "diff": {
    "abs_diff_max": 0.00634765625,
    "abs_diff_mean": 0.0009905709885060787,
    "cpu_max": 2.9638304710388184,
    "cpu_mean": 0.13844425976276398,
    "cpu_min": -1.4974395036697388,
    "diff_mean": -0.00036602935870178044,
    "gpu_max": 2.958984375,
    "gpu_mean": 0.1380782425403595,
    "gpu_min": -1.49609375,
    "rmse": 0.0011976060923188925,
    "shape": [
      256,
      256
    ]
  },
  "gpu": {
    "execute_ms": [
      297.7392730244901
    ],
    "execute_ms_avg": 297.7392730244901,
    "execute_ms_max": 297.7392730244901,
    "execute_ms_min": 297.7392730244901,
    "fetch_ms": [
      21.382862993050367
    ],
    "fetch_ms_avg": 21.382862993050367,
    "framework": "snpe",
    "init_code": 0,
    "init_ms": 1086.4835240063258,
    "input_name": "input",
    "mode": 5,
    "model": "/home/fibo/fibocom_slz/modules/fiboaistack_229_env/outputs/radio_map_liteunet.dlc",
    "ok": true,
    "output_len": 65536,
    "output_max": 2.958984375,
    "output_mean": 0.1380782425403595,
    "output_min": -1.49609375,
    "output_name": "output",
    "output_npy": "/home/fibo/fibocom_slz/modules/radio_map_qcs6490_deploy/outputs/snpe_gpu_repro_test100/samples/464_k0_gpu_snpe.npy",
    "release_code": 0,
    "repeat": 1,
    "runtime": "GPU",
    "sample": {
      "has_valid_mask": true,
      "has_y": true,
      "sample_path": "/home/fibo/fibocom_slz/modules/radio-map-estimation-workbench/modules/m2/runs/datas/features/v1_base_256_k1_landuse3/464_k0.npz",
      "x_shape_chw": [
        7,
        256,
        256
      ],
      "x_shape_nhwc": [
        1,
        256,
        256,
        7
      ]
    },
    "sample_id": "464_k0",
    "warmup": 1
  },
  "real_sample_metrics": {
    "cpu_gpu_dbm_diff": {
      "abs_diff_max_db": 0.081329345703125,
      "abs_diff_mean_db": 0.012692139483988285,
      "rmse_db": 0.015344856306910515
    },
    "cpu_vs_label": {
      "label_dbm_max": -77.75,
      "label_dbm_mean": -123.16844940185547,
      "label_dbm_min": -140.0,
      "mae_db": 3.3505594730377197,
      "pred_dbm_max": -84.60833740234375,
      "pred_dbm_mean": -120.81011962890625,
      "pred_dbm_min": -141.77076721191406,
      "psnr_db": 21.471596152493042,
      "rmse_db": 5.254840617426068,
      "valid_pixels": 65536
    },
    "gpu_vs_label": {
      "label_dbm_max": -77.75,
      "label_dbm_mean": -123.16844940185547,
      "label_dbm_min": -140.0,
      "mae_db": 3.3498036861419678,
      "pred_dbm_max": -84.6704330444336,
      "pred_dbm_mean": -120.8148193359375,
      "pred_dbm_min": -141.75352478027344,
      "psnr_db": 21.477678646611107,
      "rmse_db": 5.251162082487336,
      "valid_pixels": 65536
    },
    "label_norm": {
      "type": "standard",
      "y_mean": -122.58401346206665,
      "y_std": 12.813038764458584
    },
    "ok": true
  },
  "sample_id": "464_k0"
}