{
  "cpu": {
    "execute_ms": [
      905.8155069942586
    ],
    "execute_ms_avg": 905.8155069942586,
    "execute_ms_max": 905.8155069942586,
    "execute_ms_min": 905.8155069942586,
    "fetch_ms": [
      5.367692996514961
    ],
    "fetch_ms_avg": 5.367692996514961,
    "framework": "snpe",
    "init_code": 0,
    "init_ms": 147.3250259878114,
    "input_name": "input",
    "mode": 5,
    "model": "/home/fibo/fibocom_slz/modules/fiboaistack_229_env/outputs/radio_map_liteunet.dlc",
    "ok": true,
    "output_len": 65536,
    "output_max": 3.2037832736968994,
    "output_mean": -0.0311540886759758,
    "output_min": -1.4877536296844482,
    "output_name": "output",
    "output_npy": "/home/fibo/fibocom_slz/modules/radio_map_qcs6490_deploy/outputs/snpe_gpu_repro_test100/samples/470_k1_cpu_snpe.npy",
    "release_code": 0,
    "repeat": 1,
    "runtime": "CPU",
    "sample": {
      "has_valid_mask": true,
      "has_y": true,
      "sample_path": "/home/fibo/fibocom_slz/modules/radio-map-estimation-workbench/modules/m2/runs/datas/features/v1_base_256_k1_landuse3/470_k1.npz",
      "x_shape_chw": [
        7,
        256,
        256
      ],
      "x_shape_nhwc": [
        1,
        256,
        256,
        7
      ]
    },
    "sample_id": "470_k1",
    "warmup": 1
  },
  "diff": {
    "abs_diff_max": 0.008115291595458984,
    "abs_diff_mean": 0.0009201866341754794,
    "cpu_max": 3.2037832736968994,
    "cpu_mean": -0.0311540886759758,
    "cpu_min": -1.4877536296844482,
    "diff_mean": -0.000421428878325969,
    "gpu_max": 3.197265625,
    "gpu_mean": -0.0315755195915699,
    "gpu_min": -1.486328125,
    "rmse": 0.0011099980911239982,
    "shape": [
      256,
      256
    ]
  },
  "gpu": {
    "execute_ms": [
      286.9497339997906
    ],
    "execute_ms_avg": 286.9497339997906,
    "execute_ms_max": 286.9497339997906,
    "execute_ms_min": 286.9497339997906,
    "fetch_ms": [
      21.708857006160542
    ],
    "fetch_ms_avg": 21.708857006160542,
    "framework": "snpe",
    "init_code": 0,
    "init_ms": 1076.3261459942441,
    "input_name": "input",
    "mode": 5,
    "model": "/home/fibo/fibocom_slz/modules/fiboaistack_229_env/outputs/radio_map_liteunet.dlc",
    "ok": true,
    "output_len": 65536,
    "output_max": 3.197265625,
    "output_mean": -0.0315755195915699,
    "output_min": -1.486328125,
    "output_name": "output",
    "output_npy": "/home/fibo/fibocom_slz/modules/radio_map_qcs6490_deploy/outputs/snpe_gpu_repro_test100/samples/470_k1_gpu_snpe.npy",
    "release_code": 0,
    "repeat": 1,
    "runtime": "GPU",
    "sample": {
      "has_valid_mask": true,
      "has_y": true,
      "sample_path": "/home/fibo/fibocom_slz/modules/radio-map-estimation-workbench/modules/m2/runs/datas/features/v1_base_256_k1_landuse3/470_k1.npz",
      "x_shape_chw": [
        7,
        256,
        256
      ],
      "x_shape_nhwc": [
        1,
        256,
        256,
        7
      ]
    },
    "sample_id": "470_k1",
    "warmup": 1
  },
  "real_sample_metrics": {
    "cpu_gpu_dbm_diff": {
      "abs_diff_max_db": 0.1039886474609375,
      "abs_diff_mean_db": 0.011790268123149872,
      "rmse_db": 0.014222268015146255
    },
    "cpu_vs_label": {
      "label_dbm_max": -82.75,
      "label_dbm_mean": -121.67333984375,
      "label_dbm_min": -140.0,
      "mae_db": 2.8812170028686523,
      "pred_dbm_max": -81.5338134765625,
      "pred_dbm_mean": -122.98319244384766,
      "pred_dbm_min": -141.64666748046875,
      "psnr_db": 22.791462634628896,
      "rmse_db": 4.151474352996639,
      "valid_pixels": 65536
    },
    "gpu_vs_label": {
      "label_dbm_max": -82.75,
      "label_dbm_mean": -121.67333984375,
      "label_dbm_min": -140.0,
      "mae_db": 2.8833019733428955,
      "pred_dbm_max": -81.61732482910156,
      "pred_dbm_mean": -122.98858642578125,
      "pred_dbm_min": -141.62838745117188,
      "psnr_db": 22.79065765621062,
      "rmse_db": 4.151859115209574,
      "valid_pixels": 65536
    },
    "label_norm": {
      "type": "standard",
      "y_mean": -122.58401346206665,
      "y_std": 12.813038764458584
    },
    "ok": true
  },
  "sample_id": "470_k1"
}