{
  "cpu": {
    "execute_ms": [
      978.6639629746787
    ],
    "execute_ms_avg": 978.6639629746787,
    "execute_ms_max": 978.6639629746787,
    "execute_ms_min": 978.6639629746787,
    "fetch_ms": [
      7.212805998278782
    ],
    "fetch_ms_avg": 7.212805998278782,
    "framework": "snpe",
    "init_code": 0,
    "init_ms": 150.0335470191203,
    "input_name": "input",
    "mode": 5,
    "model": "/home/fibo/fibocom_slz/modules/fiboaistack_229_env/outputs/radio_map_liteunet.dlc",
    "ok": true,
    "output_len": 65536,
    "output_max": 2.785240650177002,
    "output_mean": -0.28242969512939453,
    "output_min": -1.4547163248062134,
    "output_name": "output",
    "output_npy": "/home/fibo/fibocom_slz/modules/radio_map_qcs6490_deploy/outputs/snpe_gpu_repro_test100/samples/549_k0_cpu_snpe.npy",
    "release_code": 0,
    "repeat": 1,
    "runtime": "CPU",
    "sample": {
      "has_valid_mask": true,
      "has_y": true,
      "sample_path": "/home/fibo/fibocom_slz/modules/radio-map-estimation-workbench/modules/m2/runs/datas/features/v1_base_256_k1_landuse3/549_k0.npz",
      "x_shape_chw": [
        7,
        256,
        256
      ],
      "x_shape_nhwc": [
        1,
        256,
        256,
        7
      ]
    },
    "sample_id": "549_k0",
    "warmup": 1
  },
  "diff": {
    "abs_diff_max": 0.005816936492919922,
    "abs_diff_mean": 0.0009904305916279554,
    "cpu_max": 2.785240650177002,
    "cpu_mean": -0.28242969512939453,
    "cpu_min": -1.4547163248062134,
    "diff_mean": 9.603338548913598e-05,
    "gpu_max": 2.78125,
    "gpu_mean": -0.282333642244339,
    "gpu_min": -1.4541015625,
    "rmse": 0.0011983942240476608,
    "shape": [
      256,
      256
    ]
  },
  "gpu": {
    "execute_ms": [
      295.91440499643795
    ],
    "execute_ms_avg": 295.91440499643795,
    "execute_ms_max": 295.91440499643795,
    "execute_ms_min": 295.91440499643795,
    "fetch_ms": [
      22.778981016017497
    ],
    "fetch_ms_avg": 22.778981016017497,
    "framework": "snpe",
    "init_code": 0,
    "init_ms": 1062.8240949881729,
    "input_name": "input",
    "mode": 5,
    "model": "/home/fibo/fibocom_slz/modules/fiboaistack_229_env/outputs/radio_map_liteunet.dlc",
    "ok": true,
    "output_len": 65536,
    "output_max": 2.78125,
    "output_mean": -0.282333642244339,
    "output_min": -1.4541015625,
    "output_name": "output",
    "output_npy": "/home/fibo/fibocom_slz/modules/radio_map_qcs6490_deploy/outputs/snpe_gpu_repro_test100/samples/549_k0_gpu_snpe.npy",
    "release_code": 0,
    "repeat": 1,
    "runtime": "GPU",
    "sample": {
      "has_valid_mask": true,
      "has_y": true,
      "sample_path": "/home/fibo/fibocom_slz/modules/radio-map-estimation-workbench/modules/m2/runs/datas/features/v1_base_256_k1_landuse3/549_k0.npz",
      "x_shape_chw": [
        7,
        256,
        256
      ],
      "x_shape_nhwc": [
        1,
        256,
        256,
        7
      ]
    },
    "sample_id": "549_k0",
    "warmup": 1
  },
  "real_sample_metrics": {
    "cpu_gpu_dbm_diff": {
      "abs_diff_max_db": 0.07452392578125,
      "abs_diff_mean_db": 0.01269023772329092,
      "rmse_db": 0.015354868955910206
    },
    "cpu_vs_label": {
      "label_dbm_max": -82.75,
      "label_dbm_mean": -126.681884765625,
      "label_dbm_min": -140.0,
      "mae_db": 1.7870811223983765,
      "pred_dbm_max": -86.89662170410156,
      "pred_dbm_mean": -126.20280456542969,
      "pred_dbm_min": -141.22335815429688,
      "psnr_db": 25.317103004014463,
      "rmse_db": 3.1039901956324734,
      "valid_pixels": 65536
    },
    "gpu_vs_label": {
      "label_dbm_max": -82.75,
      "label_dbm_mean": -126.681884765625,
      "label_dbm_min": -140.0,
      "mae_db": 1.7910513877868652,
      "pred_dbm_max": -86.94775390625,
      "pred_dbm_mean": -126.20156860351562,
      "pred_dbm_min": -141.21546936035156,
      "psnr_db": 25.320677608276988,
      "rmse_db": 3.102713037595412,
      "valid_pixels": 65536
    },
    "label_norm": {
      "type": "standard",
      "y_mean": -122.58401346206665,
      "y_std": 12.813038764458584
    },
    "ok": true
  },
  "sample_id": "549_k0"
}