{
  "cpu": {
    "execute_ms": [
      944.8301929805893
    ],
    "execute_ms_avg": 944.8301929805893,
    "execute_ms_max": 944.8301929805893,
    "execute_ms_min": 944.8301929805893,
    "fetch_ms": [
      6.8518390180543065
    ],
    "fetch_ms_avg": 6.8518390180543065,
    "framework": "snpe",
    "init_code": 0,
    "init_ms": 142.45777897303924,
    "input_name": "input",
    "mode": 5,
    "model": "/home/fibo/fibocom_slz/modules/fiboaistack_229_env/outputs/radio_map_liteunet.dlc",
    "ok": true,
    "output_len": 65536,
    "output_max": 2.628222942352295,
    "output_mean": -0.5438677072525024,
    "output_min": -1.5265358686447144,
    "output_name": "output",
    "output_npy": "/home/fibo/fibocom_slz/modules/radio_map_qcs6490_deploy/outputs/snpe_gpu_repro_test100/samples/565_k0_cpu_snpe.npy",
    "release_code": 0,
    "repeat": 1,
    "runtime": "CPU",
    "sample": {
      "has_valid_mask": true,
      "has_y": true,
      "sample_path": "/home/fibo/fibocom_slz/modules/radio-map-estimation-workbench/modules/m2/runs/datas/features/v1_base_256_k1_landuse3/565_k0.npz",
      "x_shape_chw": [
        7,
        256,
        256
      ],
      "x_shape_nhwc": [
        1,
        256,
        256,
        7
      ]
    },
    "sample_id": "565_k0",
    "warmup": 1
  },
  "diff": {
    "abs_diff_max": 0.008401572704315186,
    "abs_diff_mean": 0.001035971217788756,
    "cpu_max": 2.628222942352295,
    "cpu_mean": -0.5438677072525024,
    "cpu_min": -1.5265358686447144,
    "diff_mean": 0.00042827834840863943,
    "gpu_max": 2.626953125,
    "gpu_mean": -0.5434394478797913,
    "gpu_min": -1.525390625,
    "rmse": 0.00125195796135813,
    "shape": [
      256,
      256
    ]
  },
  "gpu": {
    "execute_ms": [
      294.69740999047644
    ],
    "execute_ms_avg": 294.69740999047644,
    "execute_ms_max": 294.69740999047644,
    "execute_ms_min": 294.69740999047644,
    "fetch_ms": [
      20.158582017757
    ],
    "fetch_ms_avg": 20.158582017757,
    "framework": "snpe",
    "init_code": 0,
    "init_ms": 1082.6187169877812,
    "input_name": "input",
    "mode": 5,
    "model": "/home/fibo/fibocom_slz/modules/fiboaistack_229_env/outputs/radio_map_liteunet.dlc",
    "ok": true,
    "output_len": 65536,
    "output_max": 2.626953125,
    "output_mean": -0.5434394478797913,
    "output_min": -1.525390625,
    "output_name": "output",
    "output_npy": "/home/fibo/fibocom_slz/modules/radio_map_qcs6490_deploy/outputs/snpe_gpu_repro_test100/samples/565_k0_gpu_snpe.npy",
    "release_code": 0,
    "repeat": 1,
    "runtime": "GPU",
    "sample": {
      "has_valid_mask": true,
      "has_y": true,
      "sample_path": "/home/fibo/fibocom_slz/modules/radio-map-estimation-workbench/modules/m2/runs/datas/features/v1_base_256_k1_landuse3/565_k0.npz",
      "x_shape_chw": [
        7,
        256,
        256
      ],
      "x_shape_nhwc": [
        1,
        256,
        256,
        7
      ]
    },
    "sample_id": "565_k0",
    "warmup": 1
  },
  "real_sample_metrics": {
    "cpu_gpu_dbm_diff": {
      "abs_diff_max_db": 0.1076507568359375,
      "abs_diff_mean_db": 0.013273091986775398,
      "rmse_db": 0.01604030840098858
    },
    "cpu_vs_label": {
      "label_dbm_max": -78.75,
      "label_dbm_mean": -130.0345458984375,
      "label_dbm_min": -140.0,
      "mae_db": 2.4796462059020996,
      "pred_dbm_max": -88.90849304199219,
      "pred_dbm_mean": -129.5526123046875,
      "pred_dbm_min": -142.14358520507812,
      "psnr_db": 23.193347999964974,
      "rmse_db": 4.2407111589960005,
      "valid_pixels": 65536
    },
    "gpu_vs_label": {
      "label_dbm_max": -78.75,
      "label_dbm_mean": -130.0345458984375,
      "label_dbm_min": -140.0,
      "mae_db": 2.4843201637268066,
      "pred_dbm_max": -88.92475891113281,
      "pred_dbm_mean": -129.547119140625,
      "pred_dbm_min": -142.12890625,
      "psnr_db": 23.200425568571532,
      "rmse_db": 4.237257085718736,
      "valid_pixels": 65536
    },
    "label_norm": {
      "type": "standard",
      "y_mean": -122.58401346206665,
      "y_std": 12.813038764458584
    },
    "ok": true
  },
  "sample_id": "565_k0"
}