{
  "cpu": {
    "execute_ms": [
      1081.7540560092311
    ],
    "execute_ms_avg": 1081.7540560092311,
    "execute_ms_max": 1081.7540560092311,
    "execute_ms_min": 1081.7540560092311,
    "fetch_ms": [
      6.697848002659157
    ],
    "fetch_ms_avg": 6.697848002659157,
    "framework": "snpe",
    "init_code": 0,
    "init_ms": 142.4115950067062,
    "input_name": "input",
    "mode": 5,
    "model": "/home/fibo/fibocom_slz/modules/fiboaistack_229_env/outputs/radio_map_liteunet.dlc",
    "ok": true,
    "output_len": 65536,
    "output_max": 2.754328727722168,
    "output_mean": -0.6832921504974365,
    "output_min": -1.4891560077667236,
    "output_name": "output",
    "output_npy": "/home/fibo/fibocom_slz/modules/radio_map_qcs6490_deploy/outputs/snpe_gpu_repro_test100/samples/574_k1_cpu_snpe.npy",
    "release_code": 0,
    "repeat": 1,
    "runtime": "CPU",
    "sample": {
      "has_valid_mask": true,
      "has_y": true,
      "sample_path": "/home/fibo/fibocom_slz/modules/radio-map-estimation-workbench/modules/m2/runs/datas/features/v1_base_256_k1_landuse3/574_k1.npz",
      "x_shape_chw": [
        7,
        256,
        256
      ],
      "x_shape_nhwc": [
        1,
        256,
        256,
        7
      ]
    },
    "sample_id": "574_k1",
    "warmup": 1
  },
  "diff": {
    "abs_diff_max": 0.009739160537719727,
    "abs_diff_mean": 0.0013391271932050586,
    "cpu_max": 2.754328727722168,
    "cpu_mean": -0.6832921504974365,
    "cpu_min": -1.4891560077667236,
    "diff_mean": 0.00032110934262163937,
    "gpu_max": 2.755859375,
    "gpu_mean": -0.6829710602760315,
    "gpu_min": -1.48828125,
    "rmse": 0.0016023588832467794,
    "shape": [
      256,
      256
    ]
  },
  "gpu": {
    "execute_ms": [
      298.3770900173113
    ],
    "execute_ms_avg": 298.3770900173113,
    "execute_ms_max": 298.3770900173113,
    "execute_ms_min": 298.3770900173113,
    "fetch_ms": [
      25.0398569914978
    ],
    "fetch_ms_avg": 25.0398569914978,
    "framework": "snpe",
    "init_code": 0,
    "init_ms": 1083.1393009866588,
    "input_name": "input",
    "mode": 5,
    "model": "/home/fibo/fibocom_slz/modules/fiboaistack_229_env/outputs/radio_map_liteunet.dlc",
    "ok": true,
    "output_len": 65536,
    "output_max": 2.755859375,
    "output_mean": -0.6829710602760315,
    "output_min": -1.48828125,
    "output_name": "output",
    "output_npy": "/home/fibo/fibocom_slz/modules/radio_map_qcs6490_deploy/outputs/snpe_gpu_repro_test100/samples/574_k1_gpu_snpe.npy",
    "release_code": 0,
    "repeat": 1,
    "runtime": "GPU",
    "sample": {
      "has_valid_mask": true,
      "has_y": true,
      "sample_path": "/home/fibo/fibocom_slz/modules/radio-map-estimation-workbench/modules/m2/runs/datas/features/v1_base_256_k1_landuse3/574_k1.npz",
      "x_shape_chw": [
        7,
        256,
        256
      ],
      "x_shape_nhwc": [
        1,
        256,
        256,
        7
      ]
    },
    "sample_id": "574_k1",
    "warmup": 1
  },
  "real_sample_metrics": {
    "cpu_gpu_dbm_diff": {
      "abs_diff_max_db": 0.12479400634765625,
      "abs_diff_mean_db": 0.017158811911940575,
      "rmse_db": 0.0205315500497818
    },
    "cpu_vs_label": {
      "label_dbm_max": -77.75,
      "label_dbm_mean": -132.6234588623047,
      "label_dbm_min": -140.0,
      "mae_db": 2.601963520050049,
      "pred_dbm_max": -87.29269409179688,
      "pred_dbm_mean": -131.3390655517578,
      "pred_dbm_min": -141.6646270751953,
      "psnr_db": 23.179582439255277,
      "rmse_db": 4.316783160156025,
      "valid_pixels": 65536
    },
    "gpu_vs_label": {
      "label_dbm_max": -77.75,
      "label_dbm_mean": -132.6234588623047,
      "label_dbm_min": -140.0,
      "mae_db": 2.593783378601074,
      "pred_dbm_max": -87.27308654785156,
      "pred_dbm_mean": -131.33494567871094,
      "pred_dbm_min": -141.65341186523438,
      "psnr_db": 23.19539619571969,
      "rmse_db": 4.308931062555477,
      "valid_pixels": 65536
    },
    "label_norm": {
      "type": "standard",
      "y_mean": -122.58401346206665,
      "y_std": 12.813038764458584
    },
    "ok": true
  },
  "sample_id": "574_k1"
}