{
  "cpu": {
    "execute_ms": [
      884.2881790187676
    ],
    "execute_ms_avg": 884.2881790187676,
    "execute_ms_max": 884.2881790187676,
    "execute_ms_min": 884.2881790187676,
    "fetch_ms": [
      5.749160016421229
    ],
    "fetch_ms_avg": 5.749160016421229,
    "framework": "snpe",
    "init_code": 0,
    "init_ms": 141.94031298393384,
    "input_name": "input",
    "mode": 5,
    "model": "/home/fibo/fibocom_slz/modules/fiboaistack_229_env/outputs/radio_map_liteunet.dlc",
    "ok": true,
    "output_len": 65536,
    "output_max": 3.043515205383301,
    "output_mean": -0.813849687576294,
    "output_min": -1.6099622249603271,
    "output_name": "output",
    "output_npy": "/home/fibo/fibocom_slz/modules/radio_map_qcs6490_deploy/outputs/snpe_gpu_repro_test100/samples/574_k0_cpu_snpe.npy",
    "release_code": 0,
    "repeat": 1,
    "runtime": "CPU",
    "sample": {
      "has_valid_mask": true,
      "has_y": true,
      "sample_path": "/home/fibo/fibocom_slz/modules/radio-map-estimation-workbench/modules/m2/runs/datas/features/v1_base_256_k1_landuse3/574_k0.npz",
      "x_shape_chw": [
        7,
        256,
        256
      ],
      "x_shape_nhwc": [
        1,
        256,
        256,
        7
      ]
    },
    "sample_id": "574_k0",
    "warmup": 1
  },
  "diff": {
    "abs_diff_max": 0.006858706474304199,
    "abs_diff_mean": 0.0014159902930259705,
    "cpu_max": 3.043515205383301,
    "cpu_mean": -0.813849687576294,
    "cpu_min": -1.6099622249603271,
    "diff_mean": 0.0010420039761811495,
    "gpu_max": 3.041015625,
    "gpu_mean": -0.812807559967041,
    "gpu_min": -1.6083984375,
    "rmse": 0.0016024073120206594,
    "shape": [
      256,
      256
    ]
  },
  "gpu": {
    "execute_ms": [
      324.6607769979164
    ],
    "execute_ms_avg": 324.6607769979164,
    "execute_ms_max": 324.6607769979164,
    "execute_ms_min": 324.6607769979164,
    "fetch_ms": [
      23.18305301014334
    ],
    "fetch_ms_avg": 23.18305301014334,
    "framework": "snpe",
    "init_code": 0,
    "init_ms": 1083.502869005315,
    "input_name": "input",
    "mode": 5,
    "model": "/home/fibo/fibocom_slz/modules/fiboaistack_229_env/outputs/radio_map_liteunet.dlc",
    "ok": true,
    "output_len": 65536,
    "output_max": 3.041015625,
    "output_mean": -0.812807559967041,
    "output_min": -1.6083984375,
    "output_name": "output",
    "output_npy": "/home/fibo/fibocom_slz/modules/radio_map_qcs6490_deploy/outputs/snpe_gpu_repro_test100/samples/574_k0_gpu_snpe.npy",
    "release_code": 0,
    "repeat": 1,
    "runtime": "GPU",
    "sample": {
      "has_valid_mask": true,
      "has_y": true,
      "sample_path": "/home/fibo/fibocom_slz/modules/radio-map-estimation-workbench/modules/m2/runs/datas/features/v1_base_256_k1_landuse3/574_k0.npz",
      "x_shape_chw": [
        7,
        256,
        256
      ],
      "x_shape_nhwc": [
        1,
        256,
        256,
        7
      ]
    },
    "sample_id": "574_k0",
    "warmup": 1
  },
  "real_sample_metrics": {
    "cpu_gpu_dbm_diff": {
      "abs_diff_max_db": 0.08788299560546875,
      "abs_diff_mean_db": 0.018141932785511017,
      "rmse_db": 0.020530307665467262
    },
    "cpu_vs_label": {
      "label_dbm_max": -76.25,
      "label_dbm_mean": -130.87738037109375,
      "label_dbm_min": -140.0,
      "mae_db": 3.2605655193328857,
      "pred_dbm_max": -83.58734130859375,
      "pred_dbm_mean": -133.01190185546875,
      "pred_dbm_min": -143.2125244140625,
      "psnr_db": 21.416424984558926,
      "rmse_db": 5.4157541337771615,
      "valid_pixels": 65536
    },
    "gpu_vs_label": {
      "label_dbm_max": -76.25,
      "label_dbm_mean": -130.87738037109375,
      "label_dbm_min": -140.0,
      "mae_db": 3.264228343963623,
      "pred_dbm_max": -83.6193618774414,
      "pred_dbm_mean": -132.99855041503906,
      "pred_dbm_min": -143.19248962402344,
      "psnr_db": 21.42721357046581,
      "rmse_db": 5.409031499736041,
      "valid_pixels": 65536
    },
    "label_norm": {
      "type": "standard",
      "y_mean": -122.58401346206665,
      "y_std": 12.813038764458584
    },
    "ok": true
  },
  "sample_id": "574_k0"
}