{
  "cpu": {
    "execute_ms": [
      1020.1355809986126
    ],
    "execute_ms_avg": 1020.1355809986126,
    "execute_ms_max": 1020.1355809986126,
    "execute_ms_min": 1020.1355809986126,
    "fetch_ms": [
      6.722855003317818
    ],
    "fetch_ms_avg": 6.722855003317818,
    "framework": "snpe",
    "init_code": 0,
    "init_ms": 141.636396991089,
    "input_name": "input",
    "mode": 5,
    "model": "/home/fibo/fibocom_slz/modules/fiboaistack_229_env/outputs/radio_map_liteunet.dlc",
    "ok": true,
    "output_len": 65536,
    "output_max": 2.5796585083007812,
    "output_mean": 0.5694893002510071,
    "output_min": -1.479849100112915,
    "output_name": "output",
    "output_npy": "/home/fibo/fibocom_slz/modules/radio_map_qcs6490_deploy/outputs/snpe_gpu_repro_test100/samples/591_k1_cpu_snpe.npy",
    "release_code": 0,
    "repeat": 1,
    "runtime": "CPU",
    "sample": {
      "has_valid_mask": true,
      "has_y": true,
      "sample_path": "/home/fibo/fibocom_slz/modules/radio-map-estimation-workbench/modules/m2/runs/datas/features/v1_base_256_k1_landuse3/591_k1.npz",
      "x_shape_chw": [
        7,
        256,
        256
      ],
      "x_shape_nhwc": [
        1,
        256,
        256,
        7
      ]
    },
    "sample_id": "591_k1",
    "warmup": 1
  },
  "diff": {
    "abs_diff_max": 0.006100058555603027,
    "abs_diff_mean": 0.0009370141779072583,
    "cpu_max": 2.5796585083007812,
    "cpu_mean": 0.5694893002510071,
    "cpu_min": -1.479849100112915,
    "diff_mean": -0.000493523315526545,
    "gpu_max": 2.576171875,
    "gpu_mean": 0.5689958333969116,
    "gpu_min": -1.478515625,
    "rmse": 0.0011275308206677437,
    "shape": [
      256,
      256
    ]
  },
  "gpu": {
    "execute_ms": [
      280.11410299222916
    ],
    "execute_ms_avg": 280.11410299222916,
    "execute_ms_max": 280.11410299222916,
    "execute_ms_min": 280.11410299222916,
    "fetch_ms": [
      39.689252007519826
    ],
    "fetch_ms_avg": 39.689252007519826,
    "framework": "snpe",
    "init_code": 0,
    "init_ms": 1303.6629760172218,
    "input_name": "input",
    "mode": 5,
    "model": "/home/fibo/fibocom_slz/modules/fiboaistack_229_env/outputs/radio_map_liteunet.dlc",
    "ok": true,
    "output_len": 65536,
    "output_max": 2.576171875,
    "output_mean": 0.5689958333969116,
    "output_min": -1.478515625,
    "output_name": "output",
    "output_npy": "/home/fibo/fibocom_slz/modules/radio_map_qcs6490_deploy/outputs/snpe_gpu_repro_test100/samples/591_k1_gpu_snpe.npy",
    "release_code": 0,
    "repeat": 1,
    "runtime": "GPU",
    "sample": {
      "has_valid_mask": true,
      "has_y": true,
      "sample_path": "/home/fibo/fibocom_slz/modules/radio-map-estimation-workbench/modules/m2/runs/datas/features/v1_base_256_k1_landuse3/591_k1.npz",
      "x_shape_chw": [
        7,
        256,
        256
      ],
      "x_shape_nhwc": [
        1,
        256,
        256,
        7
      ]
    },
    "sample_id": "591_k1",
    "warmup": 1
  },
  "real_sample_metrics": {
    "cpu_gpu_dbm_diff": {
      "abs_diff_max_db": 0.07816314697265625,
      "abs_diff_mean_db": 0.01200599130243063,
      "rmse_db": 0.014447062276303768
    },
    "cpu_vs_label": {
      "label_dbm_max": -77.75,
      "label_dbm_mean": -115.57640075683594,
      "label_dbm_min": -140.0,
      "mae_db": 1.0064687728881836,
      "pred_dbm_max": -89.53074645996094,
      "pred_dbm_mean": -115.2871322631836,
      "pred_dbm_min": -141.54537963867188,
      "psnr_db": 29.11833809198803,
      "rmse_db": 2.1788255087745707,
      "valid_pixels": 65536
    },
    "gpu_vs_label": {
      "label_dbm_max": -77.75,
      "label_dbm_mean": -115.57640075683594,
      "label_dbm_min": -140.0,
      "mae_db": 1.006873369216919,
      "pred_dbm_max": -89.57542419433594,
      "pred_dbm_mean": -115.29344940185547,
      "pred_dbm_min": -141.52828979492188,
      "psnr_db": 29.122063296783583,
      "rmse_db": 2.177891254333959,
      "valid_pixels": 65536
    },
    "label_norm": {
      "type": "standard",
      "y_mean": -122.58401346206665,
      "y_std": 12.813038764458584
    },
    "ok": true
  },
  "sample_id": "591_k1"
}