{
  "cpu": {
    "execute_ms": [
      1035.0650470063556
    ],
    "execute_ms_avg": 1035.0650470063556,
    "execute_ms_max": 1035.0650470063556,
    "execute_ms_min": 1035.0650470063556,
    "fetch_ms": [
      6.77899899892509
    ],
    "fetch_ms_avg": 6.77899899892509,
    "framework": "snpe",
    "init_code": 0,
    "init_ms": 150.2516869804822,
    "input_name": "input",
    "mode": 5,
    "model": "/home/fibo/fibocom_slz/modules/fiboaistack_229_env/outputs/radio_map_liteunet.dlc",
    "ok": true,
    "output_len": 65536,
    "output_max": 2.7130255699157715,
    "output_mean": 0.5106662511825562,
    "output_min": -1.5443148612976074,
    "output_name": "output",
    "output_npy": "/home/fibo/fibocom_slz/modules/radio_map_qcs6490_deploy/outputs/snpe_gpu_repro_test100/samples/591_k0_cpu_snpe.npy",
    "release_code": 0,
    "repeat": 1,
    "runtime": "CPU",
    "sample": {
      "has_valid_mask": true,
      "has_y": true,
      "sample_path": "/home/fibo/fibocom_slz/modules/radio-map-estimation-workbench/modules/m2/runs/datas/features/v1_base_256_k1_landuse3/591_k0.npz",
      "x_shape_chw": [
        7,
        256,
        256
      ],
      "x_shape_nhwc": [
        1,
        256,
        256,
        7
      ]
    },
    "sample_id": "591_k0",
    "warmup": 1
  },
  "diff": {
    "abs_diff_max": 0.007706165313720703,
    "abs_diff_mean": 0.000911142909899354,
    "cpu_max": 2.7130255699157715,
    "cpu_mean": 0.5106662511825562,
    "cpu_min": -1.5443148612976074,
    "diff_mean": -0.0003259903169237077,
    "gpu_max": 2.7109375,
    "gpu_mean": 0.5103402137756348,
    "gpu_min": -1.5419921875,
    "rmse": 0.001118193380534649,
    "shape": [
      256,
      256
    ]
  },
  "gpu": {
    "execute_ms": [
      284.1542969981674
    ],
    "execute_ms_avg": 284.1542969981674,
    "execute_ms_max": 284.1542969981674,
    "execute_ms_min": 284.1542969981674,
    "fetch_ms": [
      25.876383006107062
    ],
    "fetch_ms_avg": 25.876383006107062,
    "framework": "snpe",
    "init_code": 0,
    "init_ms": 1196.9845989951864,
    "input_name": "input",
    "mode": 5,
    "model": "/home/fibo/fibocom_slz/modules/fiboaistack_229_env/outputs/radio_map_liteunet.dlc",
    "ok": true,
    "output_len": 65536,
    "output_max": 2.7109375,
    "output_mean": 0.5103402137756348,
    "output_min": -1.5419921875,
    "output_name": "output",
    "output_npy": "/home/fibo/fibocom_slz/modules/radio_map_qcs6490_deploy/outputs/snpe_gpu_repro_test100/samples/591_k0_gpu_snpe.npy",
    "release_code": 0,
    "repeat": 1,
    "runtime": "GPU",
    "sample": {
      "has_valid_mask": true,
      "has_y": true,
      "sample_path": "/home/fibo/fibocom_slz/modules/radio-map-estimation-workbench/modules/m2/runs/datas/features/v1_base_256_k1_landuse3/591_k0.npz",
      "x_shape_chw": [
        7,
        256,
        256
      ],
      "x_shape_nhwc": [
        1,
        256,
        256,
        7
      ]
    },
    "sample_id": "591_k0",
    "warmup": 1
  },
  "real_sample_metrics": {
    "cpu_gpu_dbm_diff": {
      "abs_diff_max_db": 0.0987396240234375,
      "abs_diff_mean_db": 0.01167437806725502,
      "rmse_db": 0.014327243901789188
    },
    "cpu_vs_label": {
      "label_dbm_max": -77.75,
      "label_dbm_mean": -116.53971099853516,
      "label_dbm_min": -140.0,
      "mae_db": 1.5048949718475342,
      "pred_dbm_max": -87.82191467285156,
      "pred_dbm_mean": -116.04081726074219,
      "pred_dbm_min": -142.3713836669922,
      "psnr_db": 27.340451651851502,
      "rmse_db": 2.6737252237207265,
      "valid_pixels": 65536
    },
    "gpu_vs_label": {
      "label_dbm_max": -77.75,
      "label_dbm_mean": -116.53971099853516,
      "label_dbm_min": -140.0,
      "mae_db": 1.5062282085418701,
      "pred_dbm_max": -87.84866333007812,
      "pred_dbm_mean": -116.04500579833984,
      "pred_dbm_min": -142.34161376953125,
      "psnr_db": 27.346057710004747,
      "rmse_db": 2.6720001012950583,
      "valid_pixels": 65536
    },
    "label_norm": {
      "type": "standard",
      "y_mean": -122.58401346206665,
      "y_std": 12.813038764458584
    },
    "ok": true
  },
  "sample_id": "591_k0"
}