{
  "cpu": {
    "execute_ms": [
      992.7818909927737
    ],
    "execute_ms_avg": 992.7818909927737,
    "execute_ms_max": 992.7818909927737,
    "execute_ms_min": 992.7818909927737,
    "fetch_ms": [
      6.082081992644817
    ],
    "fetch_ms_avg": 6.082081992644817,
    "framework": "snpe",
    "init_code": 0,
    "init_ms": 144.2075009981636,
    "input_name": "input",
    "mode": 5,
    "model": "/home/fibo/fibocom_slz/modules/fiboaistack_229_env/outputs/radio_map_liteunet.dlc",
    "ok": true,
    "output_len": 65536,
    "output_max": 2.794536590576172,
    "output_mean": 0.02853752113878727,
    "output_min": -1.643813133239746,
    "output_name": "output",
    "output_npy": "/home/fibo/fibocom_slz/modules/radio_map_qcs6490_deploy/outputs/snpe_gpu_repro_test100/samples/603_k0_cpu_snpe.npy",
    "release_code": 0,
    "repeat": 1,
    "runtime": "CPU",
    "sample": {
      "has_valid_mask": true,
      "has_y": true,
      "sample_path": "/home/fibo/fibocom_slz/modules/radio-map-estimation-workbench/modules/m2/runs/datas/features/v1_base_256_k1_landuse3/603_k0.npz",
      "x_shape_chw": [
        7,
        256,
        256
      ],
      "x_shape_nhwc": [
        1,
        256,
        256,
        7
      ]
    },
    "sample_id": "603_k0",
    "warmup": 1
  },
  "diff": {
    "abs_diff_max": 0.007308006286621094,
    "abs_diff_mean": 0.0009140536421909928,
    "cpu_max": 2.794536590576172,
    "cpu_mean": 0.02853752113878727,
    "cpu_min": -1.643813133239746,
    "diff_mean": -0.00010260327690048143,
    "gpu_max": 2.791015625,
    "gpu_mean": 0.028434915468096733,
    "gpu_min": -1.6416015625,
    "rmse": 0.0012086310889571905,
    "shape": [
      256,
      256
    ]
  },
  "gpu": {
    "execute_ms": [
      298.58484101714566
    ],
    "execute_ms_avg": 298.58484101714566,
    "execute_ms_max": 298.58484101714566,
    "execute_ms_min": 298.58484101714566,
    "fetch_ms": [
      19.73797898972407
    ],
    "fetch_ms_avg": 19.73797898972407,
    "framework": "snpe",
    "init_code": 0,
    "init_ms": 1076.526647026185,
    "input_name": "input",
    "mode": 5,
    "model": "/home/fibo/fibocom_slz/modules/fiboaistack_229_env/outputs/radio_map_liteunet.dlc",
    "ok": true,
    "output_len": 65536,
    "output_max": 2.791015625,
    "output_mean": 0.028434915468096733,
    "output_min": -1.6416015625,
    "output_name": "output",
    "output_npy": "/home/fibo/fibocom_slz/modules/radio_map_qcs6490_deploy/outputs/snpe_gpu_repro_test100/samples/603_k0_gpu_snpe.npy",
    "release_code": 0,
    "repeat": 1,
    "runtime": "GPU",
    "sample": {
      "has_valid_mask": true,
      "has_y": true,
      "sample_path": "/home/fibo/fibocom_slz/modules/radio-map-estimation-workbench/modules/m2/runs/datas/features/v1_base_256_k1_landuse3/603_k0.npz",
      "x_shape_chw": [
        7,
        256,
        256
      ],
      "x_shape_nhwc": [
        1,
        256,
        256,
        7
      ]
    },
    "sample_id": "603_k0",
    "warmup": 1
  },
  "real_sample_metrics": {
    "cpu_gpu_dbm_diff": {
      "abs_diff_max_db": 0.09363555908203125,
      "abs_diff_mean_db": 0.011711804196238518,
      "rmse_db": 0.015486227348446846
    },
    "cpu_vs_label": {
      "label_dbm_max": -82.75,
      "label_dbm_mean": -122.91793823242188,
      "label_dbm_min": -140.0,
      "mae_db": 2.3435654640197754,
      "pred_dbm_max": -86.77751159667969,
      "pred_dbm_mean": -122.21836853027344,
      "pred_dbm_min": -143.64625549316406,
      "psnr_db": 24.32467836063209,
      "rmse_db": 3.47969815578465,
      "valid_pixels": 65536
    },
    "gpu_vs_label": {
      "label_dbm_max": -82.75,
      "label_dbm_mean": -122.91793823242188,
      "label_dbm_min": -140.0,
      "mae_db": 2.345503568649292,
      "pred_dbm_max": -86.82262420654297,
      "pred_dbm_mean": -122.21968078613281,
      "pred_dbm_min": -143.617919921875,
      "psnr_db": 24.3290911127988,
      "rmse_db": 3.477930789813873,
      "valid_pixels": 65536
    },
    "label_norm": {
      "type": "standard",
      "y_mean": -122.58401346206665,
      "y_std": 12.813038764458584
    },
    "ok": true
  },
  "sample_id": "603_k0"
}