{
  "cpu": {
    "execute_ms": [
      948.4719330212101
    ],
    "execute_ms_avg": 948.4719330212101,
    "execute_ms_max": 948.4719330212101,
    "execute_ms_min": 948.4719330212101,
    "fetch_ms": [
      5.367000994738191
    ],
    "fetch_ms_avg": 5.367000994738191,
    "framework": "snpe",
    "init_code": 0,
    "init_ms": 181.2222780135926,
    "input_name": "input",
    "mode": 5,
    "model": "/home/fibo/fibocom_slz/modules/fiboaistack_229_env/outputs/radio_map_liteunet.dlc",
    "ok": true,
    "output_len": 65536,
    "output_max": 2.843907356262207,
    "output_mean": -0.13606585562229156,
    "output_min": -1.5184581279754639,
    "output_name": "output",
    "output_npy": "/home/fibo/fibocom_slz/modules/radio_map_qcs6490_deploy/outputs/snpe_gpu_repro_test100/samples/603_k1_cpu_snpe.npy",
    "release_code": 0,
    "repeat": 1,
    "runtime": "CPU",
    "sample": {
      "has_valid_mask": true,
      "has_y": true,
      "sample_path": "/home/fibo/fibocom_slz/modules/radio-map-estimation-workbench/modules/m2/runs/datas/features/v1_base_256_k1_landuse3/603_k1.npz",
      "x_shape_chw": [
        7,
        256,
        256
      ],
      "x_shape_nhwc": [
        1,
        256,
        256,
        7
      ]
    },
    "sample_id": "603_k1",
    "warmup": 1
  },
  "diff": {
    "abs_diff_max": 0.010003283619880676,
    "abs_diff_mean": 0.0009072058601304889,
    "cpu_max": 2.843907356262207,
    "cpu_mean": -0.13606585562229156,
    "cpu_min": -1.5184581279754639,
    "diff_mean": 0.00029839397757314146,
    "gpu_max": 2.841796875,
    "gpu_mean": -0.13576747477054596,
    "gpu_min": -1.5166015625,
    "rmse": 0.0011570443166419864,
    "shape": [
      256,
      256
    ]
  },
  "gpu": {
    "execute_ms": [
      291.25726700294763
    ],
    "execute_ms_avg": 291.25726700294763,
    "execute_ms_max": 291.25726700294763,
    "execute_ms_min": 291.25726700294763,
    "fetch_ms": [
      35.10077501414344
    ],
    "fetch_ms_avg": 35.10077501414344,
    "framework": "snpe",
    "init_code": 0,
    "init_ms": 1098.092797998106,
    "input_name": "input",
    "mode": 5,
    "model": "/home/fibo/fibocom_slz/modules/fiboaistack_229_env/outputs/radio_map_liteunet.dlc",
    "ok": true,
    "output_len": 65536,
    "output_max": 2.841796875,
    "output_mean": -0.13576747477054596,
    "output_min": -1.5166015625,
    "output_name": "output",
    "output_npy": "/home/fibo/fibocom_slz/modules/radio_map_qcs6490_deploy/outputs/snpe_gpu_repro_test100/samples/603_k1_gpu_snpe.npy",
    "release_code": 0,
    "repeat": 1,
    "runtime": "GPU",
    "sample": {
      "has_valid_mask": true,
      "has_y": true,
      "sample_path": "/home/fibo/fibocom_slz/modules/radio-map-estimation-workbench/modules/m2/runs/datas/features/v1_base_256_k1_landuse3/603_k1.npz",
      "x_shape_chw": [
        7,
        256,
        256
      ],
      "x_shape_nhwc": [
        1,
        256,
        256,
        7
      ]
    },
    "sample_id": "603_k1",
    "warmup": 1
  },
  "real_sample_metrics": {
    "cpu_gpu_dbm_diff": {
      "abs_diff_max_db": 0.128173828125,
      "abs_diff_mean_db": 0.011623931117355824,
      "rmse_db": 0.01482507772743702
    },
    "cpu_vs_label": {
      "label_dbm_max": -82.25,
      "label_dbm_mean": -125.60482788085938,
      "label_dbm_min": -140.0,
      "mae_db": 3.6929168701171875,
      "pred_dbm_max": -86.1449203491211,
      "pred_dbm_mean": -124.32743072509766,
      "pred_dbm_min": -142.04006958007812,
      "psnr_db": 20.976169391298832,
      "rmse_db": 5.161114796414866,
      "valid_pixels": 65536
    },
    "gpu_vs_label": {
      "label_dbm_max": -82.25,
      "label_dbm_mean": -125.60482788085938,
      "label_dbm_min": -140.0,
      "mae_db": 3.695127010345459,
      "pred_dbm_max": -86.17196655273438,
      "pred_dbm_mean": -124.32361602783203,
      "pred_dbm_min": -142.01629638671875,
      "psnr_db": 20.9799176513484,
      "rmse_db": 5.15888807839871,
      "valid_pixels": 65536
    },
    "label_norm": {
      "type": "standard",
      "y_mean": -122.58401346206665,
      "y_std": 12.813038764458584
    },
    "ok": true
  },
  "sample_id": "603_k1"
}