{
  "cpu": {
    "execute_ms": [
      926.2053599813953
    ],
    "execute_ms_avg": 926.2053599813953,
    "execute_ms_max": 926.2053599813953,
    "execute_ms_min": 926.2053599813953,
    "fetch_ms": [
      5.48442397848703
    ],
    "fetch_ms_avg": 5.48442397848703,
    "framework": "snpe",
    "init_code": 0,
    "init_ms": 145.15047598979436,
    "input_name": "input",
    "mode": 5,
    "model": "/home/fibo/fibocom_slz/modules/fiboaistack_229_env/outputs/radio_map_liteunet.dlc",
    "ok": true,
    "output_len": 65536,
    "output_max": 2.8550949096679688,
    "output_mean": -0.04620487987995148,
    "output_min": -1.6133201122283936,
    "output_name": "output",
    "output_npy": "/home/fibo/fibocom_slz/modules/radio_map_qcs6490_deploy/outputs/snpe_gpu_repro_test100/samples/618_k1_cpu_snpe.npy",
    "release_code": 0,
    "repeat": 1,
    "runtime": "CPU",
    "sample": {
      "has_valid_mask": true,
      "has_y": true,
      "sample_path": "/home/fibo/fibocom_slz/modules/radio-map-estimation-workbench/modules/m2/runs/datas/features/v1_base_256_k1_landuse3/618_k1.npz",
      "x_shape_chw": [
        7,
        256,
        256
      ],
      "x_shape_nhwc": [
        1,
        256,
        256,
        7
      ]
    },
    "sample_id": "618_k1",
    "warmup": 1
  },
  "diff": {
    "abs_diff_max": 0.006971597671508789,
    "abs_diff_mean": 0.000787246972322464,
    "cpu_max": 2.8550949096679688,
    "cpu_mean": -0.04620487987995148,
    "cpu_min": -1.6133201122283936,
    "diff_mean": 3.293342160759494e-05,
    "gpu_max": 2.853515625,
    "gpu_mean": -0.046171944588422775,
    "gpu_min": -1.611328125,
    "rmse": 0.0010351124219596386,
    "shape": [
      256,
      256
    ]
  },
  "gpu": {
    "execute_ms": [
      278.36316399043426
    ],
    "execute_ms_avg": 278.36316399043426,
    "execute_ms_max": 278.36316399043426,
    "execute_ms_min": 278.36316399043426,
    "fetch_ms": [
      22.177656006533653
    ],
    "fetch_ms_avg": 22.177656006533653,
    "framework": "snpe",
    "init_code": 0,
    "init_ms": 1076.0182270023506,
    "input_name": "input",
    "mode": 5,
    "model": "/home/fibo/fibocom_slz/modules/fiboaistack_229_env/outputs/radio_map_liteunet.dlc",
    "ok": true,
    "output_len": 65536,
    "output_max": 2.853515625,
    "output_mean": -0.046171944588422775,
    "output_min": -1.611328125,
    "output_name": "output",
    "output_npy": "/home/fibo/fibocom_slz/modules/radio_map_qcs6490_deploy/outputs/snpe_gpu_repro_test100/samples/618_k1_gpu_snpe.npy",
    "release_code": 0,
    "repeat": 1,
    "runtime": "GPU",
    "sample": {
      "has_valid_mask": true,
      "has_y": true,
      "sample_path": "/home/fibo/fibocom_slz/modules/radio-map-estimation-workbench/modules/m2/runs/datas/features/v1_base_256_k1_landuse3/618_k1.npz",
      "x_shape_chw": [
        7,
        256,
        256
      ],
      "x_shape_nhwc": [
        1,
        256,
        256,
        7
      ]
    },
    "sample_id": "618_k1",
    "warmup": 1
  },
  "real_sample_metrics": {
    "cpu_gpu_dbm_diff": {
      "abs_diff_max_db": 0.089324951171875,
      "abs_diff_mean_db": 0.010086817666888237,
      "rmse_db": 0.013262644410133362
    },
    "cpu_vs_label": {
      "label_dbm_max": -78.75,
      "label_dbm_mean": -122.87841796875,
      "label_dbm_min": -140.0,
      "mae_db": 2.41934871673584,
      "pred_dbm_max": -86.00157165527344,
      "pred_dbm_mean": -123.17604064941406,
      "pred_dbm_min": -143.25555419921875,
      "psnr_db": 24.331557614158616,
      "rmse_db": 3.719873851565079,
      "valid_pixels": 65536
    },
    "gpu_vs_label": {
      "label_dbm_max": -78.75,
      "label_dbm_mean": -122.87841796875,
      "label_dbm_min": -140.0,
      "mae_db": 2.4203596115112305,
      "pred_dbm_max": -86.02180480957031,
      "pred_dbm_mean": -123.17561340332031,
      "pred_dbm_min": -143.2300262451172,
      "psnr_db": 24.336547360876803,
      "rmse_db": 3.7177375248626645,
      "valid_pixels": 65536
    },
    "label_norm": {
      "type": "standard",
      "y_mean": -122.58401346206665,
      "y_std": 12.813038764458584
    },
    "ok": true
  },
  "sample_id": "618_k1"
}