{
  "cpu": {
    "execute_ms": [
      872.43337999098
    ],
    "execute_ms_avg": 872.43337999098,
    "execute_ms_max": 872.43337999098,
    "execute_ms_min": 872.43337999098,
    "fetch_ms": [
      6.024406000506133
    ],
    "fetch_ms_avg": 6.024406000506133,
    "framework": "snpe",
    "init_code": 0,
    "init_ms": 146.26827201573178,
    "input_name": "input",
    "mode": 5,
    "model": "/home/fibo/fibocom_slz/modules/fiboaistack_229_env/outputs/radio_map_liteunet.dlc",
    "ok": true,
    "output_len": 65536,
    "output_max": 2.6358628273010254,
    "output_mean": 0.18880566954612732,
    "output_min": -1.4963693618774414,
    "output_name": "output",
    "output_npy": "/home/fibo/fibocom_slz/modules/radio_map_qcs6490_deploy/outputs/snpe_gpu_repro_test100/samples/633_k1_cpu_snpe.npy",
    "release_code": 0,
    "repeat": 1,
    "runtime": "CPU",
    "sample": {
      "has_valid_mask": true,
      "has_y": true,
      "sample_path": "/home/fibo/fibocom_slz/modules/radio-map-estimation-workbench/modules/m2/runs/datas/features/v1_base_256_k1_landuse3/633_k1.npz",
      "x_shape_chw": [
        7,
        256,
        256
      ],
      "x_shape_nhwc": [
        1,
        256,
        256,
        7
      ]
    },
    "sample_id": "633_k1",
    "warmup": 1
  },
  "diff": {
    "abs_diff_max": 0.0063391923904418945,
    "abs_diff_mean": 0.0008128930348902941,
    "cpu_max": 2.6358628273010254,
    "cpu_mean": 0.18880566954612732,
    "cpu_min": -1.4963693618774414,
    "diff_mean": -0.0003034200635738671,
    "gpu_max": 2.6328125,
    "gpu_mean": 0.1885022670030594,
    "gpu_min": -1.4951171875,
    "rmse": 0.0010061106877401471,
    "shape": [
      256,
      256
    ]
  },
  "gpu": {
    "execute_ms": [
      323.55807299609296
    ],
    "execute_ms_avg": 323.55807299609296,
    "execute_ms_max": 323.55807299609296,
    "execute_ms_min": 323.55807299609296,
    "fetch_ms": [
      25.531630992190912
    ],
    "fetch_ms_avg": 25.531630992190912,
    "framework": "snpe",
    "init_code": 0,
    "init_ms": 1079.1624689882156,
    "input_name": "input",
    "mode": 5,
    "model": "/home/fibo/fibocom_slz/modules/fiboaistack_229_env/outputs/radio_map_liteunet.dlc",
    "ok": true,
    "output_len": 65536,
    "output_max": 2.6328125,
    "output_mean": 0.1885022670030594,
    "output_min": -1.4951171875,
    "output_name": "output",
    "output_npy": "/home/fibo/fibocom_slz/modules/radio_map_qcs6490_deploy/outputs/snpe_gpu_repro_test100/samples/633_k1_gpu_snpe.npy",
    "release_code": 0,
    "repeat": 1,
    "runtime": "GPU",
    "sample": {
      "has_valid_mask": true,
      "has_y": true,
      "sample_path": "/home/fibo/fibocom_slz/modules/radio-map-estimation-workbench/modules/m2/runs/datas/features/v1_base_256_k1_landuse3/633_k1.npz",
      "x_shape_chw": [
        7,
        256,
        256
      ],
      "x_shape_nhwc": [
        1,
        256,
        256,
        7
      ]
    },
    "sample_id": "633_k1",
    "warmup": 1
  },
  "real_sample_metrics": {
    "cpu_gpu_dbm_diff": {
      "abs_diff_max_db": 0.0812225341796875,
      "abs_diff_mean_db": 0.010415622964501381,
      "rmse_db": 0.01289132609963417
    },
    "cpu_vs_label": {
      "label_dbm_max": -77.75,
      "label_dbm_mean": -120.85780334472656,
      "label_dbm_min": -140.0,
      "mae_db": 1.904887318611145,
      "pred_dbm_max": -88.81060028076172,
      "pred_dbm_mean": -120.16484832763672,
      "pred_dbm_min": -141.75704956054688,
      "psnr_db": 26.26928345390953,
      "rmse_db": 3.024650389590183,
      "valid_pixels": 65536
    },
    "gpu_vs_label": {
      "label_dbm_max": -77.75,
      "label_dbm_mean": -120.85780334472656,
      "label_dbm_min": -140.0,
      "mae_db": 1.9055192470550537,
      "pred_dbm_max": -88.84968566894531,
      "pred_dbm_mean": -120.1687240600586,
      "pred_dbm_min": -141.7410125732422,
      "psnr_db": 26.27405824706882,
      "rmse_db": 3.022988140611671,
      "valid_pixels": 65536
    },
    "label_norm": {
      "type": "standard",
      "y_mean": -122.58401346206665,
      "y_std": 12.813038764458584
    },
    "ok": true
  },
  "sample_id": "633_k1"
}