{
  "cpu": {
    "execute_ms": [
      972.5077000039164
    ],
    "execute_ms_avg": 972.5077000039164,
    "execute_ms_max": 972.5077000039164,
    "execute_ms_min": 972.5077000039164,
    "fetch_ms": [
      6.33722500060685
    ],
    "fetch_ms_avg": 6.33722500060685,
    "framework": "snpe",
    "init_code": 0,
    "init_ms": 144.46519501507282,
    "input_name": "input",
    "mode": 5,
    "model": "/home/fibo/fibocom_slz/modules/fiboaistack_229_env/outputs/radio_map_liteunet.dlc",
    "ok": true,
    "output_len": 65536,
    "output_max": 2.705995559692383,
    "output_mean": -0.17613336443901062,
    "output_min": -1.4511151313781738,
    "output_name": "output",
    "output_npy": "/home/fibo/fibocom_slz/modules/radio_map_qcs6490_deploy/outputs/snpe_gpu_repro_test100/samples/633_k0_cpu_snpe.npy",
    "release_code": 0,
    "repeat": 1,
    "runtime": "CPU",
    "sample": {
      "has_valid_mask": true,
      "has_y": true,
      "sample_path": "/home/fibo/fibocom_slz/modules/radio-map-estimation-workbench/modules/m2/runs/datas/features/v1_base_256_k1_landuse3/633_k0.npz",
      "x_shape_chw": [
        7,
        256,
        256
      ],
      "x_shape_nhwc": [
        1,
        256,
        256,
        7
      ]
    },
    "sample_id": "633_k0",
    "warmup": 1
  },
  "diff": {
    "abs_diff_max": 0.006369262933731079,
    "abs_diff_mean": 0.0008663965854793787,
    "cpu_max": 2.705995559692383,
    "cpu_mean": -0.17613336443901062,
    "cpu_min": -1.4511151313781738,
    "diff_mean": 0.00011629251821432263,
    "gpu_max": 2.701171875,
    "gpu_mean": -0.17601707577705383,
    "gpu_min": -1.44921875,
    "rmse": 0.0011555847013369203,
    "shape": [
      256,
      256
    ]
  },
  "gpu": {
    "execute_ms": [
      292.4069340224378
    ],
    "execute_ms_avg": 292.4069340224378,
    "execute_ms_max": 292.4069340224378,
    "execute_ms_min": 292.4069340224378,
    "fetch_ms": [
      28.83573400322348
    ],
    "fetch_ms_avg": 28.83573400322348,
    "framework": "snpe",
    "init_code": 0,
    "init_ms": 1068.5240429884288,
    "input_name": "input",
    "mode": 5,
    "model": "/home/fibo/fibocom_slz/modules/fiboaistack_229_env/outputs/radio_map_liteunet.dlc",
    "ok": true,
    "output_len": 65536,
    "output_max": 2.701171875,
    "output_mean": -0.17601707577705383,
    "output_min": -1.44921875,
    "output_name": "output",
    "output_npy": "/home/fibo/fibocom_slz/modules/radio_map_qcs6490_deploy/outputs/snpe_gpu_repro_test100/samples/633_k0_gpu_snpe.npy",
    "release_code": 0,
    "repeat": 1,
    "runtime": "GPU",
    "sample": {
      "has_valid_mask": true,
      "has_y": true,
      "sample_path": "/home/fibo/fibocom_slz/modules/radio-map-estimation-workbench/modules/m2/runs/datas/features/v1_base_256_k1_landuse3/633_k0.npz",
      "x_shape_chw": [
        7,
        256,
        256
      ],
      "x_shape_nhwc": [
        1,
        256,
        256,
        7
      ]
    },
    "sample_id": "633_k0",
    "warmup": 1
  },
  "real_sample_metrics": {
    "cpu_gpu_dbm_diff": {
      "abs_diff_max_db": 0.08161163330078125,
      "abs_diff_mean_db": 0.011101102456450462,
      "rmse_db": 0.014806431718170643
    },
    "cpu_vs_label": {
      "label_dbm_max": -78.75,
      "label_dbm_mean": -123.13045501708984,
      "label_dbm_min": -140.0,
      "mae_db": 3.1271307468414307,
      "pred_dbm_max": -87.9119873046875,
      "pred_dbm_mean": -124.84081268310547,
      "pred_dbm_min": -141.17721557617188,
      "psnr_db": 22.73343914629685,
      "rmse_db": 4.471303357069111,
      "valid_pixels": 65536
    },
    "gpu_vs_label": {
      "label_dbm_max": -78.75,
      "label_dbm_mean": -123.13045501708984,
      "label_dbm_min": -140.0,
      "mae_db": 3.127091646194458,
      "pred_dbm_max": -87.97379302978516,
      "pred_dbm_mean": -124.83934020996094,
      "pred_dbm_min": -141.1529083251953,
      "psnr_db": 22.73796722993819,
      "rmse_db": 4.468973007506455,
      "valid_pixels": 65536
    },
    "label_norm": {
      "type": "standard",
      "y_mean": -122.58401346206665,
      "y_std": 12.813038764458584
    },
    "ok": true
  },
  "sample_id": "633_k0"
}