{
  "cpu": {
    "execute_ms": [
      1019.091395981377
    ],
    "execute_ms_avg": 1019.091395981377,
    "execute_ms_max": 1019.091395981377,
    "execute_ms_min": 1019.091395981377,
    "fetch_ms": [
      6.135403004009277
    ],
    "fetch_ms_avg": 6.135403004009277,
    "framework": "snpe",
    "init_code": 0,
    "init_ms": 146.43703500041738,
    "input_name": "input",
    "mode": 5,
    "model": "/home/fibo/fibocom_slz/modules/fiboaistack_229_env/outputs/radio_map_liteunet.dlc",
    "ok": true,
    "output_len": 65536,
    "output_max": 2.617331027984619,
    "output_mean": 0.2993289828300476,
    "output_min": -1.4998376369476318,
    "output_name": "output",
    "output_npy": "/home/fibo/fibocom_slz/modules/radio_map_qcs6490_deploy/outputs/snpe_gpu_repro_test100/samples/643_k1_cpu_snpe.npy",
    "release_code": 0,
    "repeat": 1,
    "runtime": "CPU",
    "sample": {
      "has_valid_mask": true,
      "has_y": true,
      "sample_path": "/home/fibo/fibocom_slz/modules/radio-map-estimation-workbench/modules/m2/runs/datas/features/v1_base_256_k1_landuse3/643_k1.npz",
      "x_shape_chw": [
        7,
        256,
        256
      ],
      "x_shape_nhwc": [
        1,
        256,
        256,
        7
      ]
    },
    "sample_id": "643_k1",
    "warmup": 1
  },
  "diff": {
    "abs_diff_max": 0.005965828895568848,
    "abs_diff_mean": 0.0009701301460154355,
    "cpu_max": 2.617331027984619,
    "cpu_mean": 0.2993289828300476,
    "cpu_min": -1.4998376369476318,
    "diff_mean": -0.00034754324587993324,
    "gpu_max": 2.615234375,
    "gpu_mean": 0.2989814579486847,
    "gpu_min": -1.498046875,
    "rmse": 0.0011337283067405224,
    "shape": [
      256,
      256
    ]
  },
  "gpu": {
    "execute_ms": [
      288.03690598579124
    ],
    "execute_ms_avg": 288.03690598579124,
    "execute_ms_max": 288.03690598579124,
    "execute_ms_min": 288.03690598579124,
    "fetch_ms": [
      25.92275501228869
    ],
    "fetch_ms_avg": 25.92275501228869,
    "framework": "snpe",
    "init_code": 0,
    "init_ms": 1072.4128949805163,
    "input_name": "input",
    "mode": 5,
    "model": "/home/fibo/fibocom_slz/modules/fiboaistack_229_env/outputs/radio_map_liteunet.dlc",
    "ok": true,
    "output_len": 65536,
    "output_max": 2.615234375,
    "output_mean": 0.2989814579486847,
    "output_min": -1.498046875,
    "output_name": "output",
    "output_npy": "/home/fibo/fibocom_slz/modules/radio_map_qcs6490_deploy/outputs/snpe_gpu_repro_test100/samples/643_k1_gpu_snpe.npy",
    "release_code": 0,
    "repeat": 1,
    "runtime": "GPU",
    "sample": {
      "has_valid_mask": true,
      "has_y": true,
      "sample_path": "/home/fibo/fibocom_slz/modules/radio-map-estimation-workbench/modules/m2/runs/datas/features/v1_base_256_k1_landuse3/643_k1.npz",
      "x_shape_chw": [
        7,
        256,
        256
      ],
      "x_shape_nhwc": [
        1,
        256,
        256,
        7
      ]
    },
    "sample_id": "643_k1",
    "warmup": 1
  },
  "real_sample_metrics": {
    "cpu_gpu_dbm_diff": {
      "abs_diff_max_db": 0.07643890380859375,
      "abs_diff_mean_db": 0.01243022084236145,
      "rmse_db": 0.014526362530887127
    },
    "cpu_vs_label": {
      "label_dbm_max": -82.75,
      "label_dbm_mean": -118.80094909667969,
      "label_dbm_min": -140.0,
      "mae_db": 1.25662100315094,
      "pred_dbm_max": -89.04804992675781,
      "pred_dbm_mean": -118.74870300292969,
      "pred_dbm_min": -141.80149841308594,
      "psnr_db": 27.759990631675585,
      "rmse_db": 2.3430198040596193,
      "valid_pixels": 65536
    },
    "gpu_vs_label": {
      "label_dbm_max": -82.75,
      "label_dbm_mean": -118.80094909667969,
      "label_dbm_min": -140.0,
      "mae_db": 1.2572863101959229,
      "pred_dbm_max": -89.07492065429688,
      "pred_dbm_mean": -118.75315856933594,
      "pred_dbm_min": -141.77854919433594,
      "psnr_db": 27.75922228875377,
      "rmse_db": 2.3432270738250778,
      "valid_pixels": 65536
    },
    "label_norm": {
      "type": "standard",
      "y_mean": -122.58401346206665,
      "y_std": 12.813038764458584
    },
    "ok": true
  },
  "sample_id": "643_k1"
}