{
  "cpu": {
    "execute_ms": [
      1014.4828129850794
    ],
    "execute_ms_avg": 1014.4828129850794,
    "execute_ms_max": 1014.4828129850794,
    "execute_ms_min": 1014.4828129850794,
    "fetch_ms": [
      6.813626998336986
    ],
    "fetch_ms_avg": 6.813626998336986,
    "framework": "snpe",
    "init_code": 0,
    "init_ms": 151.12029400188476,
    "input_name": "input",
    "mode": 5,
    "model": "/home/fibo/fibocom_slz/modules/fiboaistack_229_env/outputs/radio_map_liteunet.dlc",
    "ok": true,
    "output_len": 65536,
    "output_max": 2.7014331817626953,
    "output_mean": -0.4223150610923767,
    "output_min": -1.4518368244171143,
    "output_name": "output",
    "output_npy": "/home/fibo/fibocom_slz/modules/radio_map_qcs6490_deploy/outputs/snpe_gpu_repro_test100/samples/660_k1_cpu_snpe.npy",
    "release_code": 0,
    "repeat": 1,
    "runtime": "CPU",
    "sample": {
      "has_valid_mask": true,
      "has_y": true,
      "sample_path": "/home/fibo/fibocom_slz/modules/radio-map-estimation-workbench/modules/m2/runs/datas/features/v1_base_256_k1_landuse3/660_k1.npz",
      "x_shape_chw": [
        7,
        256,
        256
      ],
      "x_shape_nhwc": [
        1,
        256,
        256,
        7
      ]
    },
    "sample_id": "660_k1",
    "warmup": 1
  },
  "diff": {
    "abs_diff_max": 0.007202383130788803,
    "abs_diff_mean": 0.0012769015738740563,
    "cpu_max": 2.7014331817626953,
    "cpu_mean": -0.4223150610923767,
    "cpu_min": -1.4518368244171143,
    "diff_mean": 6.793556531192735e-05,
    "gpu_max": 2.69921875,
    "gpu_mean": -0.42224711179733276,
    "gpu_min": -1.451171875,
    "rmse": 0.0014448511647060513,
    "shape": [
      256,
      256
    ]
  },
  "gpu": {
    "execute_ms": [
      286.0424050013535
    ],
    "execute_ms_avg": 286.0424050013535,
    "execute_ms_max": 286.0424050013535,
    "execute_ms_min": 286.0424050013535,
    "fetch_ms": [
      28.53584600961767
    ],
    "fetch_ms_avg": 28.53584600961767,
    "framework": "snpe",
    "init_code": 0,
    "init_ms": 1137.0427189976908,
    "input_name": "input",
    "mode": 5,
    "model": "/home/fibo/fibocom_slz/modules/fiboaistack_229_env/outputs/radio_map_liteunet.dlc",
    "ok": true,
    "output_len": 65536,
    "output_max": 2.69921875,
    "output_mean": -0.42224711179733276,
    "output_min": -1.451171875,
    "output_name": "output",
    "output_npy": "/home/fibo/fibocom_slz/modules/radio_map_qcs6490_deploy/outputs/snpe_gpu_repro_test100/samples/660_k1_gpu_snpe.npy",
    "release_code": 0,
    "repeat": 1,
    "runtime": "GPU",
    "sample": {
      "has_valid_mask": true,
      "has_y": true,
      "sample_path": "/home/fibo/fibocom_slz/modules/radio-map-estimation-workbench/modules/m2/runs/datas/features/v1_base_256_k1_landuse3/660_k1.npz",
      "x_shape_chw": [
        7,
        256,
        256
      ],
      "x_shape_nhwc": [
        1,
        256,
        256,
        7
      ]
    },
    "sample_id": "660_k1",
    "warmup": 1
  },
  "real_sample_metrics": {
    "cpu_gpu_dbm_diff": {
      "abs_diff_max_db": 0.09228515625,
      "abs_diff_mean_db": 0.016362059861421585,
      "rmse_db": 0.018513938412070274
    },
    "cpu_vs_label": {
      "label_dbm_max": -78.75,
      "label_dbm_mean": -128.0598602294922,
      "label_dbm_min": -140.0,
      "mae_db": 1.4134831428527832,
      "pred_dbm_max": -87.97044372558594,
      "pred_dbm_mean": -127.99515533447266,
      "pred_dbm_min": -141.18646240234375,
      "psnr_db": 27.732064814600676,
      "rmse_db": 2.514796529316498,
      "valid_pixels": 65536
    },
    "gpu_vs_label": {
      "label_dbm_max": -78.75,
      "label_dbm_mean": -128.0598602294922,
      "label_dbm_min": -140.0,
      "mae_db": 1.4049047231674194,
      "pred_dbm_max": -87.99882507324219,
      "pred_dbm_mean": -127.99427795410156,
      "pred_dbm_min": -141.1779327392578,
      "psnr_db": 27.74529209073605,
      "rmse_db": 2.510969794872192,
      "valid_pixels": 65536
    },
    "label_norm": {
      "type": "standard",
      "y_mean": -122.58401346206665,
      "y_std": 12.813038764458584
    },
    "ok": true
  },
  "sample_id": "660_k1"
}