{
  "cpu": {
    "execute_ms": [
      978.1682959874161
    ],
    "execute_ms_avg": 978.1682959874161,
    "execute_ms_max": 978.1682959874161,
    "execute_ms_min": 978.1682959874161,
    "fetch_ms": [
      7.652494008652866
    ],
    "fetch_ms_avg": 7.652494008652866,
    "framework": "snpe",
    "init_code": 0,
    "init_ms": 155.36740998504683,
    "input_name": "input",
    "mode": 5,
    "model": "/home/fibo/fibocom_slz/modules/fiboaistack_229_env/outputs/radio_map_liteunet.dlc",
    "ok": true,
    "output_len": 65536,
    "output_max": 2.875795841217041,
    "output_mean": -0.25982823967933655,
    "output_min": -1.46620774269104,
    "output_name": "output",
    "output_npy": "/home/fibo/fibocom_slz/modules/radio_map_qcs6490_deploy/outputs/snpe_gpu_repro_test100/samples/660_k0_cpu_snpe.npy",
    "release_code": 0,
    "repeat": 1,
    "runtime": "CPU",
    "sample": {
      "has_valid_mask": true,
      "has_y": true,
      "sample_path": "/home/fibo/fibocom_slz/modules/radio-map-estimation-workbench/modules/m2/runs/datas/features/v1_base_256_k1_landuse3/660_k0.npz",
      "x_shape_chw": [
        7,
        256,
        256
      ],
      "x_shape_nhwc": [
        1,
        256,
        256,
        7
      ]
    },
    "sample_id": "660_k0",
    "warmup": 1
  },
  "diff": {
    "abs_diff_max": 0.005730032920837402,
    "abs_diff_mean": 0.0012249753344804049,
    "cpu_max": 2.875795841217041,
    "cpu_mean": -0.25982823967933655,
    "cpu_min": -1.46620774269104,
    "diff_mean": 0.00019503851945046335,
    "gpu_max": 2.873046875,
    "gpu_mean": -0.25963321328163147,
    "gpu_min": -1.46484375,
    "rmse": 0.0013693353394046426,
    "shape": [
      256,
      256
    ]
  },
  "gpu": {
    "execute_ms": [
      297.20613299286924
    ],
    "execute_ms_avg": 297.20613299286924,
    "execute_ms_max": 297.20613299286924,
    "execute_ms_min": 297.20613299286924,
    "fetch_ms": [
      21.681782003724948
    ],
    "fetch_ms_avg": 21.681782003724948,
    "framework": "snpe",
    "init_code": 0,
    "init_ms": 1204.604119004216,
    "input_name": "input",
    "mode": 5,
    "model": "/home/fibo/fibocom_slz/modules/fiboaistack_229_env/outputs/radio_map_liteunet.dlc",
    "ok": true,
    "output_len": 65536,
    "output_max": 2.873046875,
    "output_mean": -0.25963321328163147,
    "output_min": -1.46484375,
    "output_name": "output",
    "output_npy": "/home/fibo/fibocom_slz/modules/radio_map_qcs6490_deploy/outputs/snpe_gpu_repro_test100/samples/660_k0_gpu_snpe.npy",
    "release_code": 0,
    "repeat": 1,
    "runtime": "GPU",
    "sample": {
      "has_valid_mask": true,
      "has_y": true,
      "sample_path": "/home/fibo/fibocom_slz/modules/radio-map-estimation-workbench/modules/m2/runs/datas/features/v1_base_256_k1_landuse3/660_k0.npz",
      "x_shape_chw": [
        7,
        256,
        256
      ],
      "x_shape_nhwc": [
        1,
        256,
        256,
        7
      ]
    },
    "sample_id": "660_k0",
    "warmup": 1
  },
  "real_sample_metrics": {
    "cpu_gpu_dbm_diff": {
      "abs_diff_max_db": 0.07341766357421875,
      "abs_diff_mean_db": 0.015695521607995033,
      "rmse_db": 0.017545191571116447
    },
    "cpu_vs_label": {
      "label_dbm_max": -78.75,
      "label_dbm_mean": -126.13052368164062,
      "label_dbm_min": -140.0,
      "mae_db": 1.4437270164489746,
      "pred_dbm_max": -85.736328125,
      "pred_dbm_mean": -125.91321563720703,
      "pred_dbm_min": -141.37059020996094,
      "psnr_db": 26.94044430027768,
      "rmse_db": 2.754760696208962,
      "valid_pixels": 65536
    },
    "gpu_vs_label": {
      "label_dbm_max": -78.75,
      "label_dbm_mean": -126.13052368164062,
      "label_dbm_min": -140.0,
      "mae_db": 1.4422708749771118,
      "pred_dbm_max": -85.77155303955078,
      "pred_dbm_mean": -125.91070556640625,
      "pred_dbm_min": -141.35311889648438,
      "psnr_db": 26.952762515328196,
      "rmse_db": 2.7508566995818815,
      "valid_pixels": 65536
    },
    "label_norm": {
      "type": "standard",
      "y_mean": -122.58401346206665,
      "y_std": 12.813038764458584
    },
    "ok": true
  },
  "sample_id": "660_k0"
}