{
  "cpu": {
    "execute_ms": [
      955.8975939871743
    ],
    "execute_ms_avg": 955.8975939871743,
    "execute_ms_max": 955.8975939871743,
    "execute_ms_min": 955.8975939871743,
    "fetch_ms": [
      5.917654983932152
    ],
    "fetch_ms_avg": 5.917654983932152,
    "framework": "snpe",
    "init_code": 0,
    "init_ms": 138.03369799279608,
    "input_name": "input",
    "mode": 5,
    "model": "/home/fibo/fibocom_slz/modules/fiboaistack_229_env/outputs/radio_map_liteunet.dlc",
    "ok": true,
    "output_len": 65536,
    "output_max": 2.6830906867980957,
    "output_mean": 1.0829135179519653,
    "output_min": -1.4795324802398682,
    "output_name": "output",
    "output_npy": "/home/fibo/fibocom_slz/modules/radio_map_qcs6490_deploy/outputs/snpe_gpu_repro_test100/samples/665_k1_cpu_snpe.npy",
    "release_code": 0,
    "repeat": 1,
    "runtime": "CPU",
    "sample": {
      "has_valid_mask": true,
      "has_y": true,
      "sample_path": "/home/fibo/fibocom_slz/modules/radio-map-estimation-workbench/modules/m2/runs/datas/features/v1_base_256_k1_landuse3/665_k1.npz",
      "x_shape_chw": [
        7,
        256,
        256
      ],
      "x_shape_nhwc": [
        1,
        256,
        256,
        7
      ]
    },
    "sample_id": "665_k1",
    "warmup": 1
  },
  "diff": {
    "abs_diff_max": 0.0063114166259765625,
    "abs_diff_mean": 0.0010580086382105947,
    "cpu_max": 2.6830906867980957,
    "cpu_mean": 1.0829135179519653,
    "cpu_min": -1.4795324802398682,
    "diff_mean": -0.0010441466001793742,
    "gpu_max": 2.681640625,
    "gpu_mean": 1.0818692445755005,
    "gpu_min": -1.4775390625,
    "rmse": 0.0012263886164873838,
    "shape": [
      256,
      256
    ]
  },
  "gpu": {
    "execute_ms": [
      285.2110439853277
    ],
    "execute_ms_avg": 285.2110439853277,
    "execute_ms_max": 285.2110439853277,
    "execute_ms_min": 285.2110439853277,
    "fetch_ms": [
      21.405573992524296
    ],
    "fetch_ms_avg": 21.405573992524296,
    "framework": "snpe",
    "init_code": 0,
    "init_ms": 1063.6401009978727,
    "input_name": "input",
    "mode": 5,
    "model": "/home/fibo/fibocom_slz/modules/fiboaistack_229_env/outputs/radio_map_liteunet.dlc",
    "ok": true,
    "output_len": 65536,
    "output_max": 2.681640625,
    "output_mean": 1.0818692445755005,
    "output_min": -1.4775390625,
    "output_name": "output",
    "output_npy": "/home/fibo/fibocom_slz/modules/radio_map_qcs6490_deploy/outputs/snpe_gpu_repro_test100/samples/665_k1_gpu_snpe.npy",
    "release_code": 0,
    "repeat": 1,
    "runtime": "GPU",
    "sample": {
      "has_valid_mask": true,
      "has_y": true,
      "sample_path": "/home/fibo/fibocom_slz/modules/radio-map-estimation-workbench/modules/m2/runs/datas/features/v1_base_256_k1_landuse3/665_k1.npz",
      "x_shape_chw": [
        7,
        256,
        256
      ],
      "x_shape_nhwc": [
        1,
        256,
        256,
        7
      ]
    },
    "sample_id": "665_k1",
    "warmup": 1
  },
  "real_sample_metrics": {
    "cpu_gpu_dbm_diff": {
      "abs_diff_max_db": 0.08086395263671875,
      "abs_diff_mean_db": 0.013556302525103092,
      "rmse_db": 0.015713738277554512
    },
    "cpu_vs_label": {
      "label_dbm_max": -78.75,
      "label_dbm_mean": -109.29511260986328,
      "label_dbm_min": -140.0,
      "mae_db": 0.6528077125549316,
      "pred_dbm_max": -88.20547485351562,
      "pred_dbm_mean": -108.7085952758789,
      "pred_dbm_min": -141.54132080078125,
      "psnr_db": 36.45312800883384,
      "rmse_db": 0.9214031499015171,
      "valid_pixels": 65536
    },
    "gpu_vs_label": {
      "label_dbm_max": -78.75,
      "label_dbm_mean": -109.29511260986328,
      "label_dbm_min": -140.0,
      "mae_db": 0.6432170867919922,
      "pred_dbm_max": -88.22404479980469,
      "pred_dbm_mean": -108.72198486328125,
      "pred_dbm_min": -141.51577758789062,
      "psnr_db": 36.517222024270126,
      "rmse_db": 0.9146290514966906,
      "valid_pixels": 65536
    },
    "label_norm": {
      "type": "standard",
      "y_mean": -122.58401346206665,
      "y_std": 12.813038764458584
    },
    "ok": true
  },
  "sample_id": "665_k1"
}