{
  "cpu": {
    "execute_ms": [
      1013.7268569960725
    ],
    "execute_ms_avg": 1013.7268569960725,
    "execute_ms_max": 1013.7268569960725,
    "execute_ms_min": 1013.7268569960725,
    "fetch_ms": [
      6.251831975532696
    ],
    "fetch_ms_avg": 6.251831975532696,
    "framework": "snpe",
    "init_code": 0,
    "init_ms": 155.67621099762619,
    "input_name": "input",
    "mode": 5,
    "model": "/home/fibo/fibocom_slz/modules/fiboaistack_229_env/outputs/radio_map_liteunet.dlc",
    "ok": true,
    "output_len": 65536,
    "output_max": 2.639876127243042,
    "output_mean": 0.566087543964386,
    "output_min": -1.4982682466506958,
    "output_name": "output",
    "output_npy": "/home/fibo/fibocom_slz/modules/radio_map_qcs6490_deploy/outputs/snpe_gpu_repro_test100/samples/666_k0_cpu_snpe.npy",
    "release_code": 0,
    "repeat": 1,
    "runtime": "CPU",
    "sample": {
      "has_valid_mask": true,
      "has_y": true,
      "sample_path": "/home/fibo/fibocom_slz/modules/radio-map-estimation-workbench/modules/m2/runs/datas/features/v1_base_256_k1_landuse3/666_k0.npz",
      "x_shape_chw": [
        7,
        256,
        256
      ],
      "x_shape_nhwc": [
        1,
        256,
        256,
        7
      ]
    },
    "sample_id": "666_k0",
    "warmup": 1
  },
  "diff": {
    "abs_diff_max": 0.006699562072753906,
    "abs_diff_mean": 0.0009682211093604565,
    "cpu_max": 2.639876127243042,
    "cpu_mean": 0.566087543964386,
    "cpu_min": -1.4982682466506958,
    "diff_mean": -0.00046728429151698947,
    "gpu_max": 2.63671875,
    "gpu_mean": 0.5656202435493469,
    "gpu_min": -1.49609375,
    "rmse": 0.0011438988149166107,
    "shape": [
      256,
      256
    ]
  },
  "gpu": {
    "execute_ms": [
      300.5628219980281
    ],
    "execute_ms_avg": 300.5628219980281,
    "execute_ms_max": 300.5628219980281,
    "execute_ms_min": 300.5628219980281,
    "fetch_ms": [
      26.396787987323478
    ],
    "fetch_ms_avg": 26.396787987323478,
    "framework": "snpe",
    "init_code": 0,
    "init_ms": 1304.919013986364,
    "input_name": "input",
    "mode": 5,
    "model": "/home/fibo/fibocom_slz/modules/fiboaistack_229_env/outputs/radio_map_liteunet.dlc",
    "ok": true,
    "output_len": 65536,
    "output_max": 2.63671875,
    "output_mean": 0.5656202435493469,
    "output_min": -1.49609375,
    "output_name": "output",
    "output_npy": "/home/fibo/fibocom_slz/modules/radio_map_qcs6490_deploy/outputs/snpe_gpu_repro_test100/samples/666_k0_gpu_snpe.npy",
    "release_code": 0,
    "repeat": 1,
    "runtime": "GPU",
    "sample": {
      "has_valid_mask": true,
      "has_y": true,
      "sample_path": "/home/fibo/fibocom_slz/modules/radio-map-estimation-workbench/modules/m2/runs/datas/features/v1_base_256_k1_landuse3/666_k0.npz",
      "x_shape_chw": [
        7,
        256,
        256
      ],
      "x_shape_nhwc": [
        1,
        256,
        256,
        7
      ]
    },
    "sample_id": "666_k0",
    "warmup": 1
  },
  "real_sample_metrics": {
    "cpu_gpu_dbm_diff": {
      "abs_diff_max_db": 0.08583831787109375,
      "abs_diff_mean_db": 0.012406112626194954,
      "rmse_db": 0.014657095074653625
    },
    "cpu_vs_label": {
      "label_dbm_max": -77.75,
      "label_dbm_mean": -115.58624267578125,
      "label_dbm_min": -140.0,
      "mae_db": 0.7281016111373901,
      "pred_dbm_max": -88.7591781616211,
      "pred_dbm_mean": -115.33070373535156,
      "pred_dbm_min": -141.78138732910156,
      "psnr_db": 32.089580226027685,
      "rmse_db": 1.5476057850265934,
      "valid_pixels": 65536
    },
    "gpu_vs_label": {
      "label_dbm_max": -77.75,
      "label_dbm_mean": -115.58624267578125,
      "label_dbm_min": -140.0,
      "mae_db": 0.7295938730239868,
      "pred_dbm_max": -88.79963684082031,
      "pred_dbm_mean": -115.3366928100586,
      "pred_dbm_min": -141.75352478027344,
      "psnr_db": 32.09294366829851,
      "rmse_db": 1.5470066207221305,
      "valid_pixels": 65536
    },
    "label_norm": {
      "type": "standard",
      "y_mean": -122.58401346206665,
      "y_std": 12.813038764458584
    },
    "ok": true
  },
  "sample_id": "666_k0"
}