{
  "cpu": {
    "execute_ms": [
      1002.003583998885
    ],
    "execute_ms_avg": 1002.003583998885,
    "execute_ms_max": 1002.003583998885,
    "execute_ms_min": 1002.003583998885,
    "fetch_ms": [
      7.855720992665738
    ],
    "fetch_ms_avg": 7.855720992665738,
    "framework": "snpe",
    "init_code": 0,
    "init_ms": 152.5577200227417,
    "input_name": "input",
    "mode": 5,
    "model": "/home/fibo/fibocom_slz/modules/fiboaistack_229_env/outputs/radio_map_liteunet.dlc",
    "ok": true,
    "output_len": 65536,
    "output_max": 2.6113858222961426,
    "output_mean": 0.5342754125595093,
    "output_min": -1.4815013408660889,
    "output_name": "output",
    "output_npy": "/home/fibo/fibocom_slz/modules/radio_map_qcs6490_deploy/outputs/snpe_gpu_repro_test100/samples/666_k1_cpu_snpe.npy",
    "release_code": 0,
    "repeat": 1,
    "runtime": "CPU",
    "sample": {
      "has_valid_mask": true,
      "has_y": true,
      "sample_path": "/home/fibo/fibocom_slz/modules/radio-map-estimation-workbench/modules/m2/runs/datas/features/v1_base_256_k1_landuse3/666_k1.npz",
      "x_shape_chw": [
        7,
        256,
        256
      ],
      "x_shape_nhwc": [
        1,
        256,
        256,
        7
      ]
    },
    "sample_id": "666_k1",
    "warmup": 1
  },
  "diff": {
    "abs_diff_max": 0.006136655807495117,
    "abs_diff_mean": 0.0008962831925600767,
    "cpu_max": 2.6113858222961426,
    "cpu_mean": 0.5342754125595093,
    "cpu_min": -1.4815013408660889,
    "diff_mean": -0.00027228312683291733,
    "gpu_max": 2.607421875,
    "gpu_mean": 0.5340031981468201,
    "gpu_min": -1.48046875,
    "rmse": 0.0011336223687976599,
    "shape": [
      256,
      256
    ]
  },
  "gpu": {
    "execute_ms": [
      317.4826220201794
    ],
    "execute_ms_avg": 317.4826220201794,
    "execute_ms_max": 317.4826220201794,
    "execute_ms_min": 317.4826220201794,
    "fetch_ms": [
      20.408098003827035
    ],
    "fetch_ms_avg": 20.408098003827035,
    "framework": "snpe",
    "init_code": 0,
    "init_ms": 1341.54279800714,
    "input_name": "input",
    "mode": 5,
    "model": "/home/fibo/fibocom_slz/modules/fiboaistack_229_env/outputs/radio_map_liteunet.dlc",
    "ok": true,
    "output_len": 65536,
    "output_max": 2.607421875,
    "output_mean": 0.5340031981468201,
    "output_min": -1.48046875,
    "output_name": "output",
    "output_npy": "/home/fibo/fibocom_slz/modules/radio_map_qcs6490_deploy/outputs/snpe_gpu_repro_test100/samples/666_k1_gpu_snpe.npy",
    "release_code": 0,
    "repeat": 1,
    "runtime": "GPU",
    "sample": {
      "has_valid_mask": true,
      "has_y": true,
      "sample_path": "/home/fibo/fibocom_slz/modules/radio-map-estimation-workbench/modules/m2/runs/datas/features/v1_base_256_k1_landuse3/666_k1.npz",
      "x_shape_chw": [
        7,
        256,
        256
      ],
      "x_shape_nhwc": [
        1,
        256,
        256,
        7
      ]
    },
    "sample_id": "666_k1",
    "warmup": 1
  },
  "real_sample_metrics": {
    "cpu_gpu_dbm_diff": {
      "abs_diff_max_db": 0.0786285400390625,
      "abs_diff_mean_db": 0.01148362085223198,
      "rmse_db": 0.014524448662996292
    },
    "cpu_vs_label": {
      "label_dbm_max": -77.75,
      "label_dbm_mean": -116.20372009277344,
      "label_dbm_min": -140.0,
      "mae_db": 0.9140418767929077,
      "pred_dbm_max": -89.12422180175781,
      "pred_dbm_mean": -115.73831939697266,
      "pred_dbm_min": -141.56654357910156,
      "psnr_db": 30.49566810104183,
      "rmse_db": 1.859327748443561,
      "valid_pixels": 65536
    },
    "gpu_vs_label": {
      "label_dbm_max": -77.75,
      "label_dbm_mean": -116.20372009277344,
      "label_dbm_min": -140.0,
      "mae_db": 0.9136823415756226,
      "pred_dbm_max": -89.17501831054688,
      "pred_dbm_mean": -115.74180603027344,
      "pred_dbm_min": -141.55331420898438,
      "psnr_db": 30.509432344370037,
      "rmse_db": 1.8563836662897262,
      "valid_pixels": 65536
    },
    "label_norm": {
      "type": "standard",
      "y_mean": -122.58401346206665,
      "y_std": 12.813038764458584
    },
    "ok": true
  },
  "sample_id": "666_k1"
}