{
  "cpu": {
    "execute_ms": [
      952.7352419972885
    ],
    "execute_ms_avg": 952.7352419972885,
    "execute_ms_max": 952.7352419972885,
    "execute_ms_min": 952.7352419972885,
    "fetch_ms": [
      5.571271001826972
    ],
    "fetch_ms_avg": 5.571271001826972,
    "framework": "snpe",
    "init_code": 0,
    "init_ms": 144.3990239931736,
    "input_name": "input",
    "mode": 5,
    "model": "/home/fibo/fibocom_slz/modules/fiboaistack_229_env/outputs/radio_map_liteunet.dlc",
    "ok": true,
    "output_len": 65536,
    "output_max": 2.6723694801330566,
    "output_mean": 0.9635477662086487,
    "output_min": -1.4556831121444702,
    "output_name": "output",
    "output_npy": "/home/fibo/fibocom_slz/modules/radio_map_qcs6490_deploy/outputs/snpe_gpu_repro_test100/samples/671_k1_cpu_snpe.npy",
    "release_code": 0,
    "repeat": 1,
    "runtime": "CPU",
    "sample": {
      "has_valid_mask": true,
      "has_y": true,
      "sample_path": "/home/fibo/fibocom_slz/modules/radio-map-estimation-workbench/modules/m2/runs/datas/features/v1_base_256_k1_landuse3/671_k1.npz",
      "x_shape_chw": [
        7,
        256,
        256
      ],
      "x_shape_nhwc": [
        1,
        256,
        256,
        7
      ]
    },
    "sample_id": "671_k1",
    "warmup": 1
  },
  "diff": {
    "abs_diff_max": 0.006157398223876953,
    "abs_diff_mean": 0.0011519566178321838,
    "cpu_max": 2.6723694801330566,
    "cpu_mean": 0.9635477662086487,
    "cpu_min": -1.4556831121444702,
    "diff_mean": -0.0010247437749058008,
    "gpu_max": 2.669921875,
    "gpu_mean": 0.9625229835510254,
    "gpu_min": -1.4541015625,
    "rmse": 0.0012784251011908054,
    "shape": [
      256,
      256
    ]
  },
  "gpu": {
    "execute_ms": [
      287.9735669994261
    ],
    "execute_ms_avg": 287.9735669994261,
    "execute_ms_max": 287.9735669994261,
    "execute_ms_min": 287.9735669994261,
    "fetch_ms": [
      16.496149997692555
    ],
    "fetch_ms_avg": 16.496149997692555,
    "framework": "snpe",
    "init_code": 0,
    "init_ms": 1064.4397900032345,
    "input_name": "input",
    "mode": 5,
    "model": "/home/fibo/fibocom_slz/modules/fiboaistack_229_env/outputs/radio_map_liteunet.dlc",
    "ok": true,
    "output_len": 65536,
    "output_max": 2.669921875,
    "output_mean": 0.9625229835510254,
    "output_min": -1.4541015625,
    "output_name": "output",
    "output_npy": "/home/fibo/fibocom_slz/modules/radio_map_qcs6490_deploy/outputs/snpe_gpu_repro_test100/samples/671_k1_gpu_snpe.npy",
    "release_code": 0,
    "repeat": 1,
    "runtime": "GPU",
    "sample": {
      "has_valid_mask": true,
      "has_y": true,
      "sample_path": "/home/fibo/fibocom_slz/modules/radio-map-estimation-workbench/modules/m2/runs/datas/features/v1_base_256_k1_landuse3/671_k1.npz",
      "x_shape_chw": [
        7,
        256,
        256
      ],
      "x_shape_nhwc": [
        1,
        256,
        256,
        7
      ]
    },
    "sample_id": "671_k1",
    "warmup": 1
  },
  "real_sample_metrics": {
    "cpu_gpu_dbm_diff": {
      "abs_diff_max_db": 0.078887939453125,
      "abs_diff_mean_db": 0.014759991317987442,
      "rmse_db": 0.01638040877878666
    },
    "cpu_vs_label": {
      "label_dbm_max": -77.75,
      "label_dbm_mean": -110.63973236083984,
      "label_dbm_min": -140.0,
      "mae_db": 0.6815654039382935,
      "pred_dbm_max": -88.34284210205078,
      "pred_dbm_mean": -110.238037109375,
      "pred_dbm_min": -141.23573303222656,
      "psnr_db": 34.13755587405236,
      "rmse_db": 1.2225357337518985,
      "valid_pixels": 65536
    },
    "gpu_vs_label": {
      "label_dbm_max": -77.75,
      "label_dbm_mean": -110.63973236083984,
      "label_dbm_min": -140.0,
      "mae_db": 0.6733260154724121,
      "pred_dbm_max": -88.37420654296875,
      "pred_dbm_mean": -110.25116729736328,
      "pred_dbm_min": -141.21546936035156,
      "psnr_db": 34.17596966513011,
      "rmse_db": 1.2171409451122988,
      "valid_pixels": 65536
    },
    "label_norm": {
      "type": "standard",
      "y_mean": -122.58401346206665,
      "y_std": 12.813038764458584
    },
    "ok": true
  },
  "sample_id": "671_k1"
}