{
  "cpu": {
    "execute_ms": [
      1017.5220360106323
    ],
    "execute_ms_avg": 1017.5220360106323,
    "execute_ms_max": 1017.5220360106323,
    "execute_ms_min": 1017.5220360106323,
    "fetch_ms": [
      7.959181995829567
    ],
    "fetch_ms_avg": 7.959181995829567,
    "framework": "snpe",
    "init_code": 0,
    "init_ms": 143.52141399285756,
    "input_name": "input",
    "mode": 5,
    "model": "/home/fibo/fibocom_slz/modules/fiboaistack_229_env/outputs/radio_map_liteunet.dlc",
    "ok": true,
    "output_len": 65536,
    "output_max": 2.7008674144744873,
    "output_mean": 0.902060329914093,
    "output_min": -1.5375475883483887,
    "output_name": "output",
    "output_npy": "/home/fibo/fibocom_slz/modules/radio_map_qcs6490_deploy/outputs/snpe_gpu_repro_test100/samples/671_k0_cpu_snpe.npy",
    "release_code": 0,
    "repeat": 1,
    "runtime": "CPU",
    "sample": {
      "has_valid_mask": true,
      "has_y": true,
      "sample_path": "/home/fibo/fibocom_slz/modules/radio-map-estimation-workbench/modules/m2/runs/datas/features/v1_base_256_k1_landuse3/671_k0.npz",
      "x_shape_chw": [
        7,
        256,
        256
      ],
      "x_shape_nhwc": [
        1,
        256,
        256,
        7
      ]
    },
    "sample_id": "671_k0",
    "warmup": 1
  },
  "diff": {
    "abs_diff_max": 0.006659507751464844,
    "abs_diff_mean": 0.0009002808365039527,
    "cpu_max": 2.7008674144744873,
    "cpu_mean": 0.902060329914093,
    "cpu_min": -1.5375475883483887,
    "diff_mean": -0.000777177163399756,
    "gpu_max": 2.69921875,
    "gpu_mean": 0.9012832045555115,
    "gpu_min": -1.537109375,
    "rmse": 0.0011384050594642758,
    "shape": [
      256,
      256
    ]
  },
  "gpu": {
    "execute_ms": [
      289.09752899198793
    ],
    "execute_ms_avg": 289.09752899198793,
    "execute_ms_max": 289.09752899198793,
    "execute_ms_min": 289.09752899198793,
    "fetch_ms": [
      19.327879999764264
    ],
    "fetch_ms_avg": 19.327879999764264,
    "framework": "snpe",
    "init_code": 0,
    "init_ms": 1085.4160739982035,
    "input_name": "input",
    "mode": 5,
    "model": "/home/fibo/fibocom_slz/modules/fiboaistack_229_env/outputs/radio_map_liteunet.dlc",
    "ok": true,
    "output_len": 65536,
    "output_max": 2.69921875,
    "output_mean": 0.9012832045555115,
    "output_min": -1.537109375,
    "output_name": "output",
    "output_npy": "/home/fibo/fibocom_slz/modules/radio_map_qcs6490_deploy/outputs/snpe_gpu_repro_test100/samples/671_k0_gpu_snpe.npy",
    "release_code": 0,
    "repeat": 1,
    "runtime": "GPU",
    "sample": {
      "has_valid_mask": true,
      "has_y": true,
      "sample_path": "/home/fibo/fibocom_slz/modules/radio-map-estimation-workbench/modules/m2/runs/datas/features/v1_base_256_k1_landuse3/671_k0.npz",
      "x_shape_chw": [
        7,
        256,
        256
      ],
      "x_shape_nhwc": [
        1,
        256,
        256,
        7
      ]
    },
    "sample_id": "671_k0",
    "warmup": 1
  },
  "real_sample_metrics": {
    "cpu_gpu_dbm_diff": {
      "abs_diff_max_db": 0.0853271484375,
      "abs_diff_mean_db": 0.01153527945280075,
      "rmse_db": 0.014586335979402065
    },
    "cpu_vs_label": {
      "label_dbm_max": -78.75,
      "label_dbm_mean": -111.58206176757812,
      "label_dbm_min": -140.0,
      "mae_db": 0.9728119969367981,
      "pred_dbm_max": -87.97769165039062,
      "pred_dbm_mean": -111.02587890625,
      "pred_dbm_min": -142.28466796875,
      "psnr_db": 31.14482108271604,
      "rmse_db": 1.6977159892497977,
      "valid_pixels": 65536
    },
    "gpu_vs_label": {
      "label_dbm_max": -78.75,
      "label_dbm_mean": -111.58206176757812,
      "label_dbm_min": -140.0,
      "mae_db": 0.9697696566581726,
      "pred_dbm_max": -87.99882507324219,
      "pred_dbm_mean": -111.03582763671875,
      "pred_dbm_min": -142.279052734375,
      "psnr_db": 31.15771169027218,
      "rmse_db": 1.6951983013452405,
      "valid_pixels": 65536
    },
    "label_norm": {
      "type": "standard",
      "y_mean": -122.58401346206665,
      "y_std": 12.813038764458584
    },
    "ok": true
  },
  "sample_id": "671_k0"
}