{
  "cpu": {
    "execute_ms": [
      1030.115517001832
    ],
    "execute_ms_avg": 1030.115517001832,
    "execute_ms_max": 1030.115517001832,
    "execute_ms_min": 1030.115517001832,
    "fetch_ms": [
      5.738042993471026
    ],
    "fetch_ms_avg": 5.738042993471026,
    "framework": "snpe",
    "init_code": 0,
    "init_ms": 145.41624099365436,
    "input_name": "input",
    "mode": 5,
    "model": "/home/fibo/fibocom_slz/modules/fiboaistack_229_env/outputs/radio_map_liteunet.dlc",
    "ok": true,
    "output_len": 65536,
    "output_max": 2.6580610275268555,
    "output_mean": 0.7687764763832092,
    "output_min": -1.4962258338928223,
    "output_name": "output",
    "output_npy": "/home/fibo/fibocom_slz/modules/radio_map_qcs6490_deploy/outputs/snpe_gpu_repro_test100/samples/683_k0_cpu_snpe.npy",
    "release_code": 0,
    "repeat": 1,
    "runtime": "CPU",
    "sample": {
      "has_valid_mask": true,
      "has_y": true,
      "sample_path": "/home/fibo/fibocom_slz/modules/radio-map-estimation-workbench/modules/m2/runs/datas/features/v1_base_256_k1_landuse3/683_k0.npz",
      "x_shape_chw": [
        7,
        256,
        256
      ],
      "x_shape_nhwc": [
        1,
        256,
        256,
        7
      ]
    },
    "sample_id": "683_k0",
    "warmup": 1
  },
  "diff": {
    "abs_diff_max": 0.006330251693725586,
    "abs_diff_mean": 0.0012025984469801188,
    "cpu_max": 2.6580610275268555,
    "cpu_mean": 0.7687764763832092,
    "cpu_min": -1.4962258338928223,
    "diff_mean": -0.0008913976489566267,
    "gpu_max": 2.654296875,
    "gpu_mean": 0.7678850889205933,
    "gpu_min": -1.4951171875,
    "rmse": 0.0013645507860928774,
    "shape": [
      256,
      256
    ]
  },
  "gpu": {
    "execute_ms": [
      314.95969800744206
    ],
    "execute_ms_avg": 314.95969800744206,
    "execute_ms_max": 314.95969800744206,
    "execute_ms_min": 314.95969800744206,
    "fetch_ms": [
      21.65298000909388
    ],
    "fetch_ms_avg": 21.65298000909388,
    "framework": "snpe",
    "init_code": 0,
    "init_ms": 1078.627126000356,
    "input_name": "input",
    "mode": 5,
    "model": "/home/fibo/fibocom_slz/modules/fiboaistack_229_env/outputs/radio_map_liteunet.dlc",
    "ok": true,
    "output_len": 65536,
    "output_max": 2.654296875,
    "output_mean": 0.7678850889205933,
    "output_min": -1.4951171875,
    "output_name": "output",
    "output_npy": "/home/fibo/fibocom_slz/modules/radio_map_qcs6490_deploy/outputs/snpe_gpu_repro_test100/samples/683_k0_gpu_snpe.npy",
    "release_code": 0,
    "repeat": 1,
    "runtime": "GPU",
    "sample": {
      "has_valid_mask": true,
      "has_y": true,
      "sample_path": "/home/fibo/fibocom_slz/modules/radio-map-estimation-workbench/modules/m2/runs/datas/features/v1_base_256_k1_landuse3/683_k0.npz",
      "x_shape_chw": [
        7,
        256,
        256
      ],
      "x_shape_nhwc": [
        1,
        256,
        256,
        7
      ]
    },
    "sample_id": "683_k0",
    "warmup": 1
  },
  "real_sample_metrics": {
    "cpu_gpu_dbm_diff": {
      "abs_diff_max_db": 0.08110809326171875,
      "abs_diff_mean_db": 0.015408890321850777,
      "rmse_db": 0.017483949661254883
    },
    "cpu_vs_label": {
      "label_dbm_max": -82.75,
      "label_dbm_mean": -112.761474609375,
      "label_dbm_min": -140.0,
      "mae_db": 0.8007569313049316,
      "pred_dbm_max": -88.52617645263672,
      "pred_dbm_mean": -112.73365783691406,
      "pred_dbm_min": -141.75521850585938,
      "psnr_db": 29.734464790443738,
      "rmse_db": 1.8666042550189197,
      "valid_pixels": 65536
    },
    "gpu_vs_label": {
      "label_dbm_max": -82.75,
      "label_dbm_mean": -112.761474609375,
      "label_dbm_min": -140.0,
      "mae_db": 0.7951061129570007,
      "pred_dbm_max": -88.57440185546875,
      "pred_dbm_mean": -112.74507141113281,
      "pred_dbm_min": -141.7410125732422,
      "psnr_db": 29.74271402194471,
      "rmse_db": 1.8648323304841892,
      "valid_pixels": 65536
    },
    "label_norm": {
      "type": "standard",
      "y_mean": -122.58401346206665,
      "y_std": 12.813038764458584
    },
    "ok": true
  },
  "sample_id": "683_k0"
}