{
  "cpu": {
    "execute_ms": [
      893.6356780177448
    ],
    "execute_ms_avg": 893.6356780177448,
    "execute_ms_max": 893.6356780177448,
    "execute_ms_min": 893.6356780177448,
    "fetch_ms": [
      5.633827997371554
    ],
    "fetch_ms_avg": 5.633827997371554,
    "framework": "snpe",
    "init_code": 0,
    "init_ms": 147.35446800477803,
    "input_name": "input",
    "mode": 5,
    "model": "/home/fibo/fibocom_slz/modules/fiboaistack_229_env/outputs/radio_map_liteunet.dlc",
    "ok": true,
    "output_len": 65536,
    "output_max": 3.0723230838775635,
    "output_mean": 0.020339101552963257,
    "output_min": -1.5182374715805054,
    "output_name": "output",
    "output_npy": "/home/fibo/fibocom_slz/modules/radio_map_qcs6490_deploy/outputs/snpe_gpu_repro_test100/samples/688_k0_cpu_snpe.npy",
    "release_code": 0,
    "repeat": 1,
    "runtime": "CPU",
    "sample": {
      "has_valid_mask": true,
      "has_y": true,
      "sample_path": "/home/fibo/fibocom_slz/modules/radio-map-estimation-workbench/modules/m2/runs/datas/features/v1_base_256_k1_landuse3/688_k0.npz",
      "x_shape_chw": [
        7,
        256,
        256
      ],
      "x_shape_nhwc": [
        1,
        256,
        256,
        7
      ]
    },
    "sample_id": "688_k0",
    "warmup": 1
  },
  "diff": {
    "abs_diff_max": 0.005780220031738281,
    "abs_diff_mean": 0.0007507953559979796,
    "cpu_max": 3.0723230838775635,
    "cpu_mean": 0.020339101552963257,
    "cpu_min": -1.5182374715805054,
    "diff_mean": 1.8714046746026725e-05,
    "gpu_max": 3.068359375,
    "gpu_mean": 0.020357802510261536,
    "gpu_min": -1.5166015625,
    "rmse": 0.0010023991344496608,
    "shape": [
      256,
      256
    ]
  },
  "gpu": {
    "execute_ms": [
      293.5533440031577
    ],
    "execute_ms_avg": 293.5533440031577,
    "execute_ms_max": 293.5533440031577,
    "execute_ms_min": 293.5533440031577,
    "fetch_ms": [
      24.511386989615858
    ],
    "fetch_ms_avg": 24.511386989615858,
    "framework": "snpe",
    "init_code": 0,
    "init_ms": 1058.2255979825277,
    "input_name": "input",
    "mode": 5,
    "model": "/home/fibo/fibocom_slz/modules/fiboaistack_229_env/outputs/radio_map_liteunet.dlc",
    "ok": true,
    "output_len": 65536,
    "output_max": 3.068359375,
    "output_mean": 0.020357802510261536,
    "output_min": -1.5166015625,
    "output_name": "output",
    "output_npy": "/home/fibo/fibocom_slz/modules/radio_map_qcs6490_deploy/outputs/snpe_gpu_repro_test100/samples/688_k0_gpu_snpe.npy",
    "release_code": 0,
    "repeat": 1,
    "runtime": "GPU",
    "sample": {
      "has_valid_mask": true,
      "has_y": true,
      "sample_path": "/home/fibo/fibocom_slz/modules/radio-map-estimation-workbench/modules/m2/runs/datas/features/v1_base_256_k1_landuse3/688_k0.npz",
      "x_shape_chw": [
        7,
        256,
        256
      ],
      "x_shape_nhwc": [
        1,
        256,
        256,
        7
      ]
    },
    "sample_id": "688_k0",
    "warmup": 1
  },
  "real_sample_metrics": {
    "cpu_gpu_dbm_diff": {
      "abs_diff_max_db": 0.074066162109375,
      "abs_diff_mean_db": 0.009619956836104393,
      "rmse_db": 0.012843738310039043
    },
    "cpu_vs_label": {
      "label_dbm_max": -78.75,
      "label_dbm_mean": -123.4638671875,
      "label_dbm_min": -140.0,
      "mae_db": 2.7781763076782227,
      "pred_dbm_max": -83.21821594238281,
      "pred_dbm_mean": -122.32341003417969,
      "pred_dbm_min": -142.03724670410156,
      "psnr_db": 23.865583685543154,
      "rmse_db": 3.92488475071517,
      "valid_pixels": 65536
    },
    "gpu_vs_label": {
      "label_dbm_max": -78.75,
      "label_dbm_mean": -123.4638671875,
      "label_dbm_min": -140.0,
      "mae_db": 2.779536247253418,
      "pred_dbm_max": -83.26901245117188,
      "pred_dbm_mean": -122.32317352294922,
      "pred_dbm_min": -142.01629638671875,
      "psnr_db": 23.870758879839713,
      "rmse_db": 3.922546937076952,
      "valid_pixels": 65536
    },
    "label_norm": {
      "type": "standard",
      "y_mean": -122.58401346206665,
      "y_std": 12.813038764458584
    },
    "ok": true
  },
  "sample_id": "688_k0"
}