{
  "cpu": {
    "execute_ms": [
      1006.1243980017025
    ],
    "execute_ms_avg": 1006.1243980017025,
    "execute_ms_max": 1006.1243980017025,
    "execute_ms_min": 1006.1243980017025,
    "fetch_ms": [
      5.934216984314844
    ],
    "fetch_ms_avg": 5.934216984314844,
    "framework": "snpe",
    "init_code": 0,
    "init_ms": 152.91562298079953,
    "input_name": "input",
    "mode": 5,
    "model": "/home/fibo/fibocom_slz/modules/fiboaistack_229_env/outputs/radio_map_liteunet.dlc",
    "ok": true,
    "output_len": 65536,
    "output_max": 2.8606534004211426,
    "output_mean": 0.11855520308017731,
    "output_min": -1.472780466079712,
    "output_name": "output",
    "output_npy": "/home/fibo/fibocom_slz/modules/radio_map_qcs6490_deploy/outputs/snpe_gpu_repro_test100/samples/691_k1_cpu_snpe.npy",
    "release_code": 0,
    "repeat": 1,
    "runtime": "CPU",
    "sample": {
      "has_valid_mask": true,
      "has_y": true,
      "sample_path": "/home/fibo/fibocom_slz/modules/radio-map-estimation-workbench/modules/m2/runs/datas/features/v1_base_256_k1_landuse3/691_k1.npz",
      "x_shape_chw": [
        7,
        256,
        256
      ],
      "x_shape_nhwc": [
        1,
        256,
        256,
        7
      ]
    },
    "sample_id": "691_k1",
    "warmup": 1
  },
  "diff": {
    "abs_diff_max": 0.006578922271728516,
    "abs_diff_mean": 0.0012996047735214233,
    "cpu_max": 2.8606534004211426,
    "cpu_mean": 0.11855520308017731,
    "cpu_min": -1.472780466079712,
    "diff_mean": -0.0004830393008887768,
    "gpu_max": 2.857421875,
    "gpu_mean": 0.11807215213775635,
    "gpu_min": -1.4716796875,
    "rmse": 0.0014708621893078089,
    "shape": [
      256,
      256
    ]
  },
  "gpu": {
    "execute_ms": [
      285.9168029972352
    ],
    "execute_ms_avg": 285.9168029972352,
    "execute_ms_max": 285.9168029972352,
    "execute_ms_min": 285.9168029972352,
    "fetch_ms": [
      27.619852015050128
    ],
    "fetch_ms_avg": 27.619852015050128,
    "framework": "snpe",
    "init_code": 0,
    "init_ms": 1065.3296149976086,
    "input_name": "input",
    "mode": 5,
    "model": "/home/fibo/fibocom_slz/modules/fiboaistack_229_env/outputs/radio_map_liteunet.dlc",
    "ok": true,
    "output_len": 65536,
    "output_max": 2.857421875,
    "output_mean": 0.11807215213775635,
    "output_min": -1.4716796875,
    "output_name": "output",
    "output_npy": "/home/fibo/fibocom_slz/modules/radio_map_qcs6490_deploy/outputs/snpe_gpu_repro_test100/samples/691_k1_gpu_snpe.npy",
    "release_code": 0,
    "repeat": 1,
    "runtime": "GPU",
    "sample": {
      "has_valid_mask": true,
      "has_y": true,
      "sample_path": "/home/fibo/fibocom_slz/modules/radio-map-estimation-workbench/modules/m2/runs/datas/features/v1_base_256_k1_landuse3/691_k1.npz",
      "x_shape_chw": [
        7,
        256,
        256
      ],
      "x_shape_nhwc": [
        1,
        256,
        256,
        7
      ]
    },
    "sample_id": "691_k1",
    "warmup": 1
  },
  "real_sample_metrics": {
    "cpu_gpu_dbm_diff": {
      "abs_diff_max_db": 0.08429718017578125,
      "abs_diff_mean_db": 0.01665090210735798,
      "rmse_db": 0.01884523779153824
    },
    "cpu_vs_label": {
      "label_dbm_max": -78.75,
      "label_dbm_mean": -120.67497253417969,
      "label_dbm_min": -140.0,
      "mae_db": 1.87154221534729,
      "pred_dbm_max": -85.93035125732422,
      "pred_dbm_mean": -121.06497192382812,
      "pred_dbm_min": -141.45480346679688,
      "psnr_db": 25.31520745502785,
      "rmse_db": 3.3215876744804214,
      "valid_pixels": 65536
    },
    "gpu_vs_label": {
      "label_dbm_max": -78.75,
      "label_dbm_mean": -120.67497253417969,
      "label_dbm_min": -140.0,
      "mae_db": 1.872524380683899,
      "pred_dbm_max": -85.97175598144531,
      "pred_dbm_mean": -121.0711441040039,
      "pred_dbm_min": -141.44070434570312,
      "psnr_db": 25.31944514726635,
      "rmse_db": 3.3199675257369976,
      "valid_pixels": 65536
    },
    "label_norm": {
      "type": "standard",
      "y_mean": -122.58401346206665,
      "y_std": 12.813038764458584
    },
    "ok": true
  },
  "sample_id": "691_k1"
}