{
  "cpu": {
    "execute_ms": [
      999.9608569778502
    ],
    "execute_ms_avg": 999.9608569778502,
    "execute_ms_max": 999.9608569778502,
    "execute_ms_min": 999.9608569778502,
    "fetch_ms": [
      6.085525004891679
    ],
    "fetch_ms_avg": 6.085525004891679,
    "framework": "snpe",
    "init_code": 0,
    "init_ms": 139.9957230023574,
    "input_name": "input",
    "mode": 5,
    "model": "/home/fibo/fibocom_slz/modules/fiboaistack_229_env/outputs/radio_map_liteunet.dlc",
    "ok": true,
    "output_len": 65536,
    "output_max": 2.619680404663086,
    "output_mean": 0.20812614262104034,
    "output_min": -1.5177853107452393,
    "output_name": "output",
    "output_npy": "/home/fibo/fibocom_slz/modules/radio_map_qcs6490_deploy/outputs/snpe_gpu_repro_test100/samples/691_k0_cpu_snpe.npy",
    "release_code": 0,
    "repeat": 1,
    "runtime": "CPU",
    "sample": {
      "has_valid_mask": true,
      "has_y": true,
      "sample_path": "/home/fibo/fibocom_slz/modules/radio-map-estimation-workbench/modules/m2/runs/datas/features/v1_base_256_k1_landuse3/691_k0.npz",
      "x_shape_chw": [
        7,
        256,
        256
      ],
      "x_shape_nhwc": [
        1,
        256,
        256,
        7
      ]
    },
    "sample_id": "691_k0",
    "warmup": 1
  },
  "diff": {
    "abs_diff_max": 0.005520820617675781,
    "abs_diff_mean": 0.0010866854572668672,
    "cpu_max": 2.619680404663086,
    "cpu_mean": 0.20812614262104034,
    "cpu_min": -1.5177853107452393,
    "diff_mean": -0.00021756187197752297,
    "gpu_max": 2.615234375,
    "gpu_mean": 0.20790858566761017,
    "gpu_min": -1.5166015625,
    "rmse": 0.0012816758826375008,
    "shape": [
      256,
      256
    ]
  },
  "gpu": {
    "execute_ms": [
      286.192416009726
    ],
    "execute_ms_avg": 286.192416009726,
    "execute_ms_max": 286.192416009726,
    "execute_ms_min": 286.192416009726,
    "fetch_ms": [
      26.356876973295584
    ],
    "fetch_ms_avg": 26.356876973295584,
    "framework": "snpe",
    "init_code": 0,
    "init_ms": 1072.720616008155,
    "input_name": "input",
    "mode": 5,
    "model": "/home/fibo/fibocom_slz/modules/fiboaistack_229_env/outputs/radio_map_liteunet.dlc",
    "ok": true,
    "output_len": 65536,
    "output_max": 2.615234375,
    "output_mean": 0.20790858566761017,
    "output_min": -1.5166015625,
    "output_name": "output",
    "output_npy": "/home/fibo/fibocom_slz/modules/radio_map_qcs6490_deploy/outputs/snpe_gpu_repro_test100/samples/691_k0_gpu_snpe.npy",
    "release_code": 0,
    "repeat": 1,
    "runtime": "GPU",
    "sample": {
      "has_valid_mask": true,
      "has_y": true,
      "sample_path": "/home/fibo/fibocom_slz/modules/radio-map-estimation-workbench/modules/m2/runs/datas/features/v1_base_256_k1_landuse3/691_k0.npz",
      "x_shape_chw": [
        7,
        256,
        256
      ],
      "x_shape_nhwc": [
        1,
        256,
        256,
        7
      ]
    },
    "sample_id": "691_k0",
    "warmup": 1
  },
  "real_sample_metrics": {
    "cpu_gpu_dbm_diff": {
      "abs_diff_max_db": 0.07073974609375,
      "abs_diff_mean_db": 0.013923078775405884,
      "rmse_db": 0.01642141491174698
    },
    "cpu_vs_label": {
      "label_dbm_max": -77.75,
      "label_dbm_mean": -120.05760192871094,
      "label_dbm_min": -140.0,
      "mae_db": 1.1733641624450684,
      "pred_dbm_max": -89.0179443359375,
      "pred_dbm_mean": -119.91728973388672,
      "pred_dbm_min": -142.03146362304688,
      "psnr_db": 28.250858833507856,
      "rmse_db": 2.407666965767503,
      "valid_pixels": 65536
    },
    "gpu_vs_label": {
      "label_dbm_max": -77.75,
      "label_dbm_mean": -120.05760192871094,
      "label_dbm_min": -140.0,
      "mae_db": 1.1749629974365234,
      "pred_dbm_max": -89.07492065429688,
      "pred_dbm_mean": -119.92007446289062,
      "pred_dbm_min": -142.01629638671875,
      "psnr_db": 28.257156558963963,
      "rmse_db": 2.4059219136682697,
      "valid_pixels": 65536
    },
    "label_norm": {
      "type": "standard",
      "y_mean": -122.58401346206665,
      "y_std": 12.813038764458584
    },
    "ok": true
  },
  "sample_id": "691_k0"
}