{
  "cpu": {
    "execute_ms": [
      976.587084995117
    ],
    "execute_ms_avg": 976.587084995117,
    "execute_ms_max": 976.587084995117,
    "execute_ms_min": 976.587084995117,
    "fetch_ms": [
      6.454179005231708
    ],
    "fetch_ms_avg": 6.454179005231708,
    "framework": "snpe",
    "init_code": 0,
    "init_ms": 146.40955498907715,
    "input_name": "input",
    "mode": 5,
    "model": "/home/fibo/fibocom_slz/modules/fiboaistack_229_env/outputs/radio_map_liteunet.dlc",
    "ok": true,
    "output_len": 65536,
    "output_max": 2.803462028503418,
    "output_mean": -0.34508827328681946,
    "output_min": -1.4634281396865845,
    "output_name": "output",
    "output_npy": "/home/fibo/fibocom_slz/modules/radio_map_qcs6490_deploy/outputs/snpe_gpu_repro_test100/samples/6_k0_cpu_snpe.npy",
    "release_code": 0,
    "repeat": 1,
    "runtime": "CPU",
    "sample": {
      "has_valid_mask": true,
      "has_y": true,
      "sample_path": "/home/fibo/fibocom_slz/modules/radio-map-estimation-workbench/modules/m2/runs/datas/features/v1_base_256_k1_landuse3/6_k0.npz",
      "x_shape_chw": [
        7,
        256,
        256
      ],
      "x_shape_nhwc": [
        1,
        256,
        256,
        7
      ]
    },
    "sample_id": "6_k0",
    "warmup": 1
  },
  "diff": {
    "abs_diff_max": 0.00650179386138916,
    "abs_diff_mean": 0.0009073277469724417,
    "cpu_max": 2.803462028503418,
    "cpu_mean": -0.34508827328681946,
    "cpu_min": -1.4634281396865845,
    "diff_mean": 0.0003480097511783242,
    "gpu_max": 2.80078125,
    "gpu_mean": -0.34474027156829834,
    "gpu_min": -1.4619140625,
    "rmse": 0.0011290021939203143,
    "shape": [
      256,
      256
    ]
  },
  "gpu": {
    "execute_ms": [
      306.1602789966855
    ],
    "execute_ms_avg": 306.1602789966855,
    "execute_ms_max": 306.1602789966855,
    "execute_ms_min": 306.1602789966855,
    "fetch_ms": [
      34.573856013594195
    ],
    "fetch_ms_avg": 34.573856013594195,
    "framework": "snpe",
    "init_code": 0,
    "init_ms": 1069.144987006439,
    "input_name": "input",
    "mode": 5,
    "model": "/home/fibo/fibocom_slz/modules/fiboaistack_229_env/outputs/radio_map_liteunet.dlc",
    "ok": true,
    "output_len": 65536,
    "output_max": 2.80078125,
    "output_mean": -0.34474027156829834,
    "output_min": -1.4619140625,
    "output_name": "output",
    "output_npy": "/home/fibo/fibocom_slz/modules/radio_map_qcs6490_deploy/outputs/snpe_gpu_repro_test100/samples/6_k0_gpu_snpe.npy",
    "release_code": 0,
    "repeat": 1,
    "runtime": "GPU",
    "sample": {
      "has_valid_mask": true,
      "has_y": true,
      "sample_path": "/home/fibo/fibocom_slz/modules/radio-map-estimation-workbench/modules/m2/runs/datas/features/v1_base_256_k1_landuse3/6_k0.npz",
      "x_shape_chw": [
        7,
        256,
        256
      ],
      "x_shape_nhwc": [
        1,
        256,
        256,
        7
      ]
    },
    "sample_id": "6_k0",
    "warmup": 1
  },
  "real_sample_metrics": {
    "cpu_gpu_dbm_diff": {
      "abs_diff_max_db": 0.08331298828125,
      "abs_diff_mean_db": 0.011625319719314575,
      "rmse_db": 0.014465556479990482
    },
    "cpu_vs_label": {
      "label_dbm_max": -78.75,
      "label_dbm_mean": -127.37092590332031,
      "label_dbm_min": -140.0,
      "mae_db": 2.299450397491455,
      "pred_dbm_max": -86.66314697265625,
      "pred_dbm_mean": -127.0056381225586,
      "pred_dbm_min": -141.33497619628906,
      "psnr_db": 23.979495198049186,
      "rmse_db": 3.87374771556313,
      "valid_pixels": 65536
    },
    "gpu_vs_label": {
      "label_dbm_max": -78.75,
      "label_dbm_mean": -127.37092590332031,
      "label_dbm_min": -140.0,
      "mae_db": 2.304103374481201,
      "pred_dbm_max": -86.69749450683594,
      "pred_dbm_mean": -127.00119018554688,
      "pred_dbm_min": -141.31558227539062,
      "psnr_db": 23.981956783208965,
      "rmse_db": 3.8726500492073237,
      "valid_pixels": 65536
    },
    "label_norm": {
      "type": "standard",
      "y_mean": -122.58401346206665,
      "y_std": 12.813038764458584
    },
    "ok": true
  },
  "sample_id": "6_k0"
}