{
  "cpu": {
    "execute_ms": [
      939.7679409885313
    ],
    "execute_ms_avg": 939.7679409885313,
    "execute_ms_max": 939.7679409885313,
    "execute_ms_min": 939.7679409885313,
    "fetch_ms": [
      6.39855201006867
    ],
    "fetch_ms_avg": 6.39855201006867,
    "framework": "snpe",
    "init_code": 0,
    "init_ms": 141.36259001679718,
    "input_name": "input",
    "mode": 5,
    "model": "/home/fibo/fibocom_slz/modules/fiboaistack_229_env/outputs/radio_map_liteunet.dlc",
    "ok": true,
    "output_len": 65536,
    "output_max": 2.5628280639648438,
    "output_mean": -0.4111179709434509,
    "output_min": -1.534653902053833,
    "output_name": "output",
    "output_npy": "/home/fibo/fibocom_slz/modules/radio_map_qcs6490_deploy/outputs/snpe_gpu_repro_test100/samples/6_k1_cpu_snpe.npy",
    "release_code": 0,
    "repeat": 1,
    "runtime": "CPU",
    "sample": {
      "has_valid_mask": true,
      "has_y": true,
      "sample_path": "/home/fibo/fibocom_slz/modules/radio-map-estimation-workbench/modules/m2/runs/datas/features/v1_base_256_k1_landuse3/6_k1.npz",
      "x_shape_chw": [
        7,
        256,
        256
      ],
      "x_shape_nhwc": [
        1,
        256,
        256,
        7
      ]
    },
    "sample_id": "6_k1",
    "warmup": 1
  },
  "diff": {
    "abs_diff_max": 0.00695587694644928,
    "abs_diff_mean": 0.0010860002366825938,
    "cpu_max": 2.5628280639648438,
    "cpu_mean": -0.4111179709434509,
    "cpu_min": -1.534653902053833,
    "diff_mean": 0.0002163031604140997,
    "gpu_max": 2.560546875,
    "gpu_mean": -0.4109016954898834,
    "gpu_min": -1.5341796875,
    "rmse": 0.0013044460210949183,
    "shape": [
      256,
      256
    ]
  },
  "gpu": {
    "execute_ms": [
      282.3968589946162
    ],
    "execute_ms_avg": 282.3968589946162,
    "execute_ms_max": 282.3968589946162,
    "execute_ms_min": 282.3968589946162,
    "fetch_ms": [
      32.011825998779386
    ],
    "fetch_ms_avg": 32.011825998779386,
    "framework": "snpe",
    "init_code": 0,
    "init_ms": 1071.6402780089993,
    "input_name": "input",
    "mode": 5,
    "model": "/home/fibo/fibocom_slz/modules/fiboaistack_229_env/outputs/radio_map_liteunet.dlc",
    "ok": true,
    "output_len": 65536,
    "output_max": 2.560546875,
    "output_mean": -0.4109016954898834,
    "output_min": -1.5341796875,
    "output_name": "output",
    "output_npy": "/home/fibo/fibocom_slz/modules/radio_map_qcs6490_deploy/outputs/snpe_gpu_repro_test100/samples/6_k1_gpu_snpe.npy",
    "release_code": 0,
    "repeat": 1,
    "runtime": "GPU",
    "sample": {
      "has_valid_mask": true,
      "has_y": true,
      "sample_path": "/home/fibo/fibocom_slz/modules/radio-map-estimation-workbench/modules/m2/runs/datas/features/v1_base_256_k1_landuse3/6_k1.npz",
      "x_shape_chw": [
        7,
        256,
        256
      ],
      "x_shape_nhwc": [
        1,
        256,
        256,
        7
      ]
    },
    "sample_id": "6_k1",
    "warmup": 1
  },
  "real_sample_metrics": {
    "cpu_gpu_dbm_diff": {
      "abs_diff_max_db": 0.0891265869140625,
      "abs_diff_mean_db": 0.013914673589169979,
      "rmse_db": 0.016713574528694153
    },
    "cpu_vs_label": {
      "label_dbm_max": -77.75,
      "label_dbm_mean": -128.9029541015625,
      "label_dbm_min": -140.0,
      "mae_db": 2.5558245182037354,
      "pred_dbm_max": -89.74639892578125,
      "pred_dbm_mean": -127.8516845703125,
      "pred_dbm_min": -142.24758911132812,
      "psnr_db": 23.41476757848924,
      "rmse_db": 4.2014671941908945,
      "valid_pixels": 65536
    },
    "gpu_vs_label": {
      "label_dbm_max": -77.75,
      "label_dbm_mean": -128.9029541015625,
      "label_dbm_min": -140.0,
      "mae_db": 2.5588316917419434,
      "pred_dbm_max": -89.77562713623047,
      "pred_dbm_mean": -127.84891510009766,
      "pred_dbm_min": -142.24151611328125,
      "psnr_db": 23.42247401051312,
      "rmse_db": 4.197741155370959,
      "valid_pixels": 65536
    },
    "label_norm": {
      "type": "standard",
      "y_mean": -122.58401346206665,
      "y_std": 12.813038764458584
    },
    "ok": true
  },
  "sample_id": "6_k1"
}