{
  "cpu": {
    "execute_ms": [
      943.1892240245361
    ],
    "execute_ms_avg": 943.1892240245361,
    "execute_ms_max": 943.1892240245361,
    "execute_ms_min": 943.1892240245361,
    "fetch_ms": [
      6.43682898953557
    ],
    "fetch_ms_avg": 6.43682898953557,
    "framework": "snpe",
    "init_code": 0,
    "init_ms": 140.89266301016323,
    "input_name": "input",
    "mode": 5,
    "model": "/home/fibo/fibocom_slz/modules/fiboaistack_229_env/outputs/radio_map_liteunet.dlc",
    "ok": true,
    "output_len": 65536,
    "output_max": 2.3431220054626465,
    "output_mean": -0.2511446475982666,
    "output_min": -1.5552369356155396,
    "output_name": "output",
    "output_npy": "/home/fibo/fibocom_slz/modules/radio_map_qcs6490_deploy/outputs/snpe_gpu_repro_test100/samples/80_k0_cpu_snpe.npy",
    "release_code": 0,
    "repeat": 1,
    "runtime": "CPU",
    "sample": {
      "has_valid_mask": true,
      "has_y": true,
      "sample_path": "/home/fibo/fibocom_slz/modules/radio-map-estimation-workbench/modules/m2/runs/datas/features/v1_base_256_k1_landuse3/80_k0.npz",
      "x_shape_chw": [
        7,
        256,
        256
      ],
      "x_shape_nhwc": [
        1,
        256,
        256,
        7
      ]
    },
    "sample_id": "80_k0",
    "warmup": 1
  },
  "diff": {
    "abs_diff_max": 0.0125732421875,
    "abs_diff_mean": 0.0011277605080977082,
    "cpu_max": 2.3431220054626465,
    "cpu_mean": -0.2511446475982666,
    "cpu_min": -1.5552369356155396,
    "diff_mean": -2.1974959963699803e-05,
    "gpu_max": 2.33984375,
    "gpu_mean": -0.2511666417121887,
    "gpu_min": -1.5546875,
    "rmse": 0.0015293181641027331,
    "shape": [
      256,
      256
    ]
  },
  "gpu": {
    "execute_ms": [
      299.84125698683783
    ],
    "execute_ms_avg": 299.84125698683783,
    "execute_ms_max": 299.84125698683783,
    "execute_ms_min": 299.84125698683783,
    "fetch_ms": [
      24.4719669863116
    ],
    "fetch_ms_avg": 24.4719669863116,
    "framework": "snpe",
    "init_code": 0,
    "init_ms": 1097.2865580115467,
    "input_name": "input",
    "mode": 5,
    "model": "/home/fibo/fibocom_slz/modules/fiboaistack_229_env/outputs/radio_map_liteunet.dlc",
    "ok": true,
    "output_len": 65536,
    "output_max": 2.33984375,
    "output_mean": -0.2511666417121887,
    "output_min": -1.5546875,
    "output_name": "output",
    "output_npy": "/home/fibo/fibocom_slz/modules/radio_map_qcs6490_deploy/outputs/snpe_gpu_repro_test100/samples/80_k0_gpu_snpe.npy",
    "release_code": 0,
    "repeat": 1,
    "runtime": "GPU",
    "sample": {
      "has_valid_mask": true,
      "has_y": true,
      "sample_path": "/home/fibo/fibocom_slz/modules/radio-map-estimation-workbench/modules/m2/runs/datas/features/v1_base_256_k1_landuse3/80_k0.npz",
      "x_shape_chw": [
        7,
        256,
        256
      ],
      "x_shape_nhwc": [
        1,
        256,
        256,
        7
      ]
    },
    "sample_id": "80_k0",
    "warmup": 1
  },
  "real_sample_metrics": {
    "cpu_gpu_dbm_diff": {
      "abs_diff_max_db": 0.161102294921875,
      "abs_diff_mean_db": 0.014449944719672203,
      "rmse_db": 0.01959511823952198
    },
    "cpu_vs_label": {
      "label_dbm_max": -82.25,
      "label_dbm_mean": -126.7033920288086,
      "label_dbm_min": -140.0,
      "mae_db": 3.389681100845337,
      "pred_dbm_max": -92.5615005493164,
      "pred_dbm_mean": -125.80194091796875,
      "pred_dbm_min": -142.51132202148438,
      "psnr_db": 21.249103020784265,
      "rmse_db": 5.001460434296175,
      "valid_pixels": 65536
    },
    "gpu_vs_label": {
      "label_dbm_max": -82.25,
      "label_dbm_mean": -126.7033920288086,
      "label_dbm_min": -140.0,
      "mae_db": 3.389355421066284,
      "pred_dbm_max": -92.60350799560547,
      "pred_dbm_mean": -125.8022232055664,
      "pred_dbm_min": -142.50428771972656,
      "psnr_db": 21.265765805959784,
      "rmse_db": 4.99187495965123,
      "valid_pixels": 65536
    },
    "label_norm": {
      "type": "standard",
      "y_mean": -122.58401346206665,
      "y_std": 12.813038764458584
    },
    "ok": true
  },
  "sample_id": "80_k0"
}