{
  "cpu": {
    "execute_ms": [
      905.8447380084544
    ],
    "execute_ms_avg": 905.8447380084544,
    "execute_ms_max": 905.8447380084544,
    "execute_ms_min": 905.8447380084544,
    "fetch_ms": [
      5.401899019489065
    ],
    "fetch_ms_avg": 5.401899019489065,
    "framework": "snpe",
    "init_code": 0,
    "init_ms": 150.17366598476656,
    "input_name": "input",
    "mode": 5,
    "model": "/home/fibo/fibocom_slz/modules/fiboaistack_229_env/outputs/radio_map_liteunet.dlc",
    "ok": true,
    "output_len": 65536,
    "output_max": 2.7212276458740234,
    "output_mean": 0.12388594448566437,
    "output_min": -1.5106934309005737,
    "output_name": "output",
    "output_npy": "/home/fibo/fibocom_slz/modules/radio_map_qcs6490_deploy/outputs/snpe_gpu_repro_test100/samples/81_k1_cpu_snpe.npy",
    "release_code": 0,
    "repeat": 1,
    "runtime": "CPU",
    "sample": {
      "has_valid_mask": true,
      "has_y": true,
      "sample_path": "/home/fibo/fibocom_slz/modules/radio-map-estimation-workbench/modules/m2/runs/datas/features/v1_base_256_k1_landuse3/81_k1.npz",
      "x_shape_chw": [
        7,
        256,
        256
      ],
      "x_shape_nhwc": [
        1,
        256,
        256,
        7
      ]
    },
    "sample_id": "81_k1",
    "warmup": 1
  },
  "diff": {
    "abs_diff_max": 0.005705475807189941,
    "abs_diff_mean": 0.0008241186733357608,
    "cpu_max": 2.7212276458740234,
    "cpu_mean": 0.12388594448566437,
    "cpu_min": -1.5106934309005737,
    "diff_mean": 0.00026545679429546,
    "gpu_max": 2.71875,
    "gpu_mean": 0.12415140122175217,
    "gpu_min": -1.5087890625,
    "rmse": 0.0010637128725647926,
    "shape": [
      256,
      256
    ]
  },
  "gpu": {
    "execute_ms": [
      305.1045169995632
    ],
    "execute_ms_avg": 305.1045169995632,
    "execute_ms_max": 305.1045169995632,
    "execute_ms_min": 305.1045169995632,
    "fetch_ms": [
      27.57305299746804
    ],
    "fetch_ms_avg": 27.57305299746804,
    "framework": "snpe",
    "init_code": 0,
    "init_ms": 1074.2202840046957,
    "input_name": "input",
    "mode": 5,
    "model": "/home/fibo/fibocom_slz/modules/fiboaistack_229_env/outputs/radio_map_liteunet.dlc",
    "ok": true,
    "output_len": 65536,
    "output_max": 2.71875,
    "output_mean": 0.12415140122175217,
    "output_min": -1.5087890625,
    "output_name": "output",
    "output_npy": "/home/fibo/fibocom_slz/modules/radio_map_qcs6490_deploy/outputs/snpe_gpu_repro_test100/samples/81_k1_gpu_snpe.npy",
    "release_code": 0,
    "repeat": 1,
    "runtime": "GPU",
    "sample": {
      "has_valid_mask": true,
      "has_y": true,
      "sample_path": "/home/fibo/fibocom_slz/modules/radio-map-estimation-workbench/modules/m2/runs/datas/features/v1_base_256_k1_landuse3/81_k1.npz",
      "x_shape_chw": [
        7,
        256,
        256
      ],
      "x_shape_nhwc": [
        1,
        256,
        256,
        7
      ]
    },
    "sample_id": "81_k1",
    "warmup": 1
  },
  "real_sample_metrics": {
    "cpu_gpu_dbm_diff": {
      "abs_diff_max_db": 0.0731048583984375,
      "abs_diff_mean_db": 0.010559327900409698,
      "rmse_db": 0.013629193417727947
    },
    "cpu_vs_label": {
      "label_dbm_max": -77.75,
      "label_dbm_mean": -122.09146881103516,
      "label_dbm_min": -140.0,
      "mae_db": 2.3980462551116943,
      "pred_dbm_max": -87.7168197631836,
      "pred_dbm_mean": -120.99666595458984,
      "pred_dbm_min": -141.94058227539062,
      "psnr_db": 24.49866233087478,
      "rmse_db": 3.7085679369378286,
      "valid_pixels": 65536
    },
    "gpu_vs_label": {
      "label_dbm_max": -77.75,
      "label_dbm_mean": -122.09146881103516,
      "label_dbm_min": -140.0,
      "mae_db": 2.402296543121338,
      "pred_dbm_max": -87.74856567382812,
      "pred_dbm_mean": -120.9932632446289,
      "pred_dbm_min": -141.9161834716797,
      "psnr_db": 24.49799234069844,
      "rmse_db": 3.708854010100331,
      "valid_pixels": 65536
    },
    "label_norm": {
      "type": "standard",
      "y_mean": -122.58401346206665,
      "y_std": 12.813038764458584
    },
    "ok": true
  },
  "sample_id": "81_k1"
}