{
  "cpu": {
    "execute_ms": [
      1033.3668240054976
    ],
    "execute_ms_avg": 1033.3668240054976,
    "execute_ms_max": 1033.3668240054976,
    "execute_ms_min": 1033.3668240054976,
    "fetch_ms": [
      6.775891990400851
    ],
    "fetch_ms_avg": 6.775891990400851,
    "framework": "snpe",
    "init_code": 0,
    "init_ms": 151.0100929881446,
    "input_name": "input",
    "mode": 5,
    "model": "/home/fibo/fibocom_slz/modules/fiboaistack_229_env/outputs/radio_map_liteunet.dlc",
    "ok": true,
    "output_len": 65536,
    "output_max": 2.5797171592712402,
    "output_mean": 0.8308417201042175,
    "output_min": -1.429905652999878,
    "output_name": "output",
    "output_npy": "/home/fibo/fibocom_slz/modules/radio_map_qcs6490_deploy/outputs/snpe_gpu_repro_test100/samples/94_k0_cpu_snpe.npy",
    "release_code": 0,
    "repeat": 1,
    "runtime": "CPU",
    "sample": {
      "has_valid_mask": true,
      "has_y": true,
      "sample_path": "/home/fibo/fibocom_slz/modules/radio-map-estimation-workbench/modules/m2/runs/datas/features/v1_base_256_k1_landuse3/94_k0.npz",
      "x_shape_chw": [
        7,
        256,
        256
      ],
      "x_shape_nhwc": [
        1,
        256,
        256,
        7
      ]
    },
    "sample_id": "94_k0",
    "warmup": 1
  },
  "diff": {
    "abs_diff_max": 0.005631685256958008,
    "abs_diff_mean": 0.0009833136573433876,
    "cpu_max": 2.5797171592712402,
    "cpu_mean": 0.8308417201042175,
    "cpu_min": -1.429905652999878,
    "diff_mean": -0.0008031342877075076,
    "gpu_max": 2.576171875,
    "gpu_mean": 0.8300386667251587,
    "gpu_min": -1.4287109375,
    "rmse": 0.0011396860936656594,
    "shape": [
      256,
      256
    ]
  },
  "gpu": {
    "execute_ms": [
      300.40080001344904
    ],
    "execute_ms_avg": 300.40080001344904,
    "execute_ms_max": 300.40080001344904,
    "execute_ms_min": 300.40080001344904,
    "fetch_ms": [
      22.798398975282907
    ],
    "fetch_ms_avg": 22.798398975282907,
    "framework": "snpe",
    "init_code": 0,
    "init_ms": 1152.2599500021897,
    "input_name": "input",
    "mode": 5,
    "model": "/home/fibo/fibocom_slz/modules/fiboaistack_229_env/outputs/radio_map_liteunet.dlc",
    "ok": true,
    "output_len": 65536,
    "output_max": 2.576171875,
    "output_mean": 0.8300386667251587,
    "output_min": -1.4287109375,
    "output_name": "output",
    "output_npy": "/home/fibo/fibocom_slz/modules/radio_map_qcs6490_deploy/outputs/snpe_gpu_repro_test100/samples/94_k0_gpu_snpe.npy",
    "release_code": 0,
    "repeat": 1,
    "runtime": "GPU",
    "sample": {
      "has_valid_mask": true,
      "has_y": true,
      "sample_path": "/home/fibo/fibocom_slz/modules/radio-map-estimation-workbench/modules/m2/runs/datas/features/v1_base_256_k1_landuse3/94_k0.npz",
      "x_shape_chw": [
        7,
        256,
        256
      ],
      "x_shape_nhwc": [
        1,
        256,
        256,
        7
      ]
    },
    "sample_id": "94_k0",
    "warmup": 1
  },
  "real_sample_metrics": {
    "cpu_gpu_dbm_diff": {
      "abs_diff_max_db": 0.0721588134765625,
      "abs_diff_mean_db": 0.012599294073879719,
      "rmse_db": 0.014602869749069214
    },
    "cpu_vs_label": {
      "label_dbm_max": -82.75,
      "label_dbm_mean": -112.41297912597656,
      "label_dbm_min": -140.0,
      "mae_db": 0.8740763664245605,
      "pred_dbm_max": -89.52999877929688,
      "pred_dbm_mean": -111.93840789794922,
      "pred_dbm_min": -140.90545654296875,
      "psnr_db": 29.738025874742505,
      "rmse_db": 1.8658391321639327,
      "valid_pixels": 65536
    },
    "gpu_vs_label": {
      "label_dbm_max": -82.75,
      "label_dbm_mean": -112.41297912597656,
      "label_dbm_min": -140.0,
      "mae_db": 0.8724403381347656,
      "pred_dbm_max": -89.57542419433594,
      "pred_dbm_mean": -111.94869995117188,
      "pred_dbm_min": -140.89013671875,
      "psnr_db": 29.74664842267769,
      "rmse_db": 1.863987818690433,
      "valid_pixels": 65536
    },
    "label_norm": {
      "type": "standard",
      "y_mean": -122.58401346206665,
      "y_std": 12.813038764458584
    },
    "ok": true
  },
  "sample_id": "94_k0"
}