{
  "cpu": {
    "execute_ms": [
      1001.997712010052
    ],
    "execute_ms_avg": 1001.997712010052,
    "execute_ms_max": 1001.997712010052,
    "execute_ms_min": 1001.997712010052,
    "fetch_ms": [
      6.024143978720531
    ],
    "fetch_ms_avg": 6.024143978720531,
    "framework": "snpe",
    "init_code": 0,
    "init_ms": 156.5985220076982,
    "input_name": "input",
    "mode": 5,
    "model": "/home/fibo/fibocom_slz/modules/fiboaistack_229_env/outputs/radio_map_liteunet.dlc",
    "ok": true,
    "output_len": 65536,
    "output_max": 2.532406806945801,
    "output_mean": 0.8374156951904297,
    "output_min": -1.4268922805786133,
    "output_name": "output",
    "output_npy": "/home/fibo/fibocom_slz/modules/radio_map_qcs6490_deploy/outputs/snpe_gpu_repro_test100/samples/94_k1_cpu_snpe.npy",
    "release_code": 0,
    "repeat": 1,
    "runtime": "CPU",
    "sample": {
      "has_valid_mask": true,
      "has_y": true,
      "sample_path": "/home/fibo/fibocom_slz/modules/radio-map-estimation-workbench/modules/m2/runs/datas/features/v1_base_256_k1_landuse3/94_k1.npz",
      "x_shape_chw": [
        7,
        256,
        256
      ],
      "x_shape_nhwc": [
        1,
        256,
        256,
        7
      ]
    },
    "sample_id": "94_k1",
    "warmup": 1
  },
  "diff": {
    "abs_diff_max": 0.00460052490234375,
    "abs_diff_mean": 0.0010458447504788637,
    "cpu_max": 2.532406806945801,
    "cpu_mean": 0.8374156951904297,
    "cpu_min": -1.4268922805786133,
    "diff_mean": -0.0008683566702529788,
    "gpu_max": 2.53125,
    "gpu_mean": 0.8365473747253418,
    "gpu_min": -1.42578125,
    "rmse": 0.0011534455697983503,
    "shape": [
      256,
      256
    ]
  },
  "gpu": {
    "execute_ms": [
      319.5369740133174
    ],
    "execute_ms_avg": 319.5369740133174,
    "execute_ms_max": 319.5369740133174,
    "execute_ms_min": 319.5369740133174,
    "fetch_ms": [
      19.749376020627096
    ],
    "fetch_ms_avg": 19.749376020627096,
    "framework": "snpe",
    "init_code": 0,
    "init_ms": 1145.2570830006152,
    "input_name": "input",
    "mode": 5,
    "model": "/home/fibo/fibocom_slz/modules/fiboaistack_229_env/outputs/radio_map_liteunet.dlc",
    "ok": true,
    "output_len": 65536,
    "output_max": 2.53125,
    "output_mean": 0.8365473747253418,
    "output_min": -1.42578125,
    "output_name": "output",
    "output_npy": "/home/fibo/fibocom_slz/modules/radio_map_qcs6490_deploy/outputs/snpe_gpu_repro_test100/samples/94_k1_gpu_snpe.npy",
    "release_code": 0,
    "repeat": 1,
    "runtime": "GPU",
    "sample": {
      "has_valid_mask": true,
      "has_y": true,
      "sample_path": "/home/fibo/fibocom_slz/modules/radio-map-estimation-workbench/modules/m2/runs/datas/features/v1_base_256_k1_landuse3/94_k1.npz",
      "x_shape_chw": [
        7,
        256,
        256
      ],
      "x_shape_nhwc": [
        1,
        256,
        256,
        7
      ]
    },
    "sample_id": "94_k1",
    "warmup": 1
  },
  "real_sample_metrics": {
    "cpu_gpu_dbm_diff": {
      "abs_diff_max_db": 0.0589447021484375,
      "abs_diff_mean_db": 0.013400335796177387,
      "rmse_db": 0.014779011718928814
    },
    "cpu_vs_label": {
      "label_dbm_max": -78.75,
      "label_dbm_mean": -112.05609130859375,
      "label_dbm_min": -140.0,
      "mae_db": 0.763906717300415,
      "pred_dbm_max": -90.13618469238281,
      "pred_dbm_mean": -111.85416412353516,
      "pred_dbm_min": -140.86683654785156,
      "psnr_db": 31.082560970703476,
      "rmse_db": 1.709928868470701,
      "valid_pixels": 65536
    },
    "gpu_vs_label": {
      "label_dbm_max": -78.75,
      "label_dbm_mean": -112.05609130859375,
      "label_dbm_min": -140.0,
      "mae_db": 0.7625740766525269,
      "pred_dbm_max": -90.15100860595703,
      "pred_dbm_mean": -111.86529541015625,
      "pred_dbm_min": -140.85260009765625,
      "psnr_db": 31.09042349654121,
      "rmse_db": 1.7083817296810047,
      "valid_pixels": 65536
    },
    "label_norm": {
      "type": "standard",
      "y_mean": -122.58401346206665,
      "y_std": 12.813038764458584
    },
    "ok": true
  },
  "sample_id": "94_k1"
}