{
  "cpu": {
    "execute_ms": [
      942.2559199738316
    ],
    "execute_ms_avg": 942.2559199738316,
    "execute_ms_max": 942.2559199738316,
    "execute_ms_min": 942.2559199738316,
    "fetch_ms": [
      5.323799996403977
    ],
    "fetch_ms_avg": 5.323799996403977,
    "framework": "snpe",
    "init_code": 0,
    "init_ms": 138.72541498858482,
    "input_name": "input",
    "mode": 5,
    "model": "/home/fibo/fibocom_slz/modules/fiboaistack_229_env/outputs/radio_map_liteunet.dlc",
    "ok": true,
    "output_len": 65536,
    "output_max": 2.707045555114746,
    "output_mean": 0.6303694844245911,
    "output_min": -1.5678907632827759,
    "output_name": "output",
    "output_npy": "/home/fibo/fibocom_slz/modules/radio_map_qcs6490_deploy/outputs/snpe_gpu_repro_test100/samples/99_k1_cpu_snpe.npy",
    "release_code": 0,
    "repeat": 1,
    "runtime": "CPU",
    "sample": {
      "has_valid_mask": true,
      "has_y": true,
      "sample_path": "/home/fibo/fibocom_slz/modules/radio-map-estimation-workbench/modules/m2/runs/datas/features/v1_base_256_k1_landuse3/99_k1.npz",
      "x_shape_chw": [
        7,
        256,
        256
      ],
      "x_shape_nhwc": [
        1,
        256,
        256,
        7
      ]
    },
    "sample_id": "99_k1",
    "warmup": 1
  },
  "diff": {
    "abs_diff_max": 0.0058345794677734375,
    "abs_diff_mean": 0.0010791816748678684,
    "cpu_max": 2.707045555114746,
    "cpu_mean": 0.6303694844245911,
    "cpu_min": -1.5678907632827759,
    "diff_mean": -0.0006379915284924209,
    "gpu_max": 2.703125,
    "gpu_mean": 0.6297315359115601,
    "gpu_min": -1.56640625,
    "rmse": 0.0012273404281586409,
    "shape": [
      256,
      256
    ]
  },
  "gpu": {
    "execute_ms": [
      297.9769349913113
    ],
    "execute_ms_avg": 297.9769349913113,
    "execute_ms_max": 297.9769349913113,
    "execute_ms_min": 297.9769349913113,
    "fetch_ms": [
      22.7188509888947
    ],
    "fetch_ms_avg": 22.7188509888947,
    "framework": "snpe",
    "init_code": 0,
    "init_ms": 1083.6746889981441,
    "input_name": "input",
    "mode": 5,
    "model": "/home/fibo/fibocom_slz/modules/fiboaistack_229_env/outputs/radio_map_liteunet.dlc",
    "ok": true,
    "output_len": 65536,
    "output_max": 2.703125,
    "output_mean": 0.6297315359115601,
    "output_min": -1.56640625,
    "output_name": "output",
    "output_npy": "/home/fibo/fibocom_slz/modules/radio_map_qcs6490_deploy/outputs/snpe_gpu_repro_test100/samples/99_k1_gpu_snpe.npy",
    "release_code": 0,
    "repeat": 1,
    "runtime": "GPU",
    "sample": {
      "has_valid_mask": true,
      "has_y": true,
      "sample_path": "/home/fibo/fibocom_slz/modules/radio-map-estimation-workbench/modules/m2/runs/datas/features/v1_base_256_k1_landuse3/99_k1.npz",
      "x_shape_chw": [
        7,
        256,
        256
      ],
      "x_shape_nhwc": [
        1,
        256,
        256,
        7
      ]
    },
    "sample_id": "99_k1",
    "warmup": 1
  },
  "real_sample_metrics": {
    "cpu_gpu_dbm_diff": {
      "abs_diff_max_db": 0.07476043701171875,
      "abs_diff_mean_db": 0.013827718794345856,
      "rmse_db": 0.01572609879076481
    },
    "cpu_vs_label": {
      "label_dbm_max": -77.75,
      "label_dbm_mean": -115.07600402832031,
      "label_dbm_min": -140.0,
      "mae_db": 1.0658413171768188,
      "pred_dbm_max": -87.8985366821289,
      "pred_dbm_mean": -114.50706481933594,
      "pred_dbm_min": -142.6734619140625,
      "psnr_db": 29.248512963595637,
      "rmse_db": 2.146415063712613,
      "valid_pixels": 65536
    },
    "gpu_vs_label": {
      "label_dbm_max": -77.75,
      "label_dbm_mean": -115.07600402832031,
      "label_dbm_min": -140.0,
      "mae_db": 1.0625691413879395,
      "pred_dbm_max": -87.94876861572266,
      "pred_dbm_mean": -114.5152359008789,
      "pred_dbm_min": -142.65443420410156,
      "psnr_db": 29.259686091772856,
      "rmse_db": 2.143655789365454,
      "valid_pixels": 65536
    },
    "label_norm": {
      "type": "standard",
      "y_mean": -122.58401346206665,
      "y_std": 12.813038764458584
    },
    "ok": true
  },
  "sample_id": "99_k1"
}