{
  "cpu": {
    "execute_ms": [
      988.8102870027069
    ],
    "execute_ms_avg": 988.8102870027069,
    "execute_ms_max": 988.8102870027069,
    "execute_ms_min": 988.8102870027069,
    "fetch_ms": [
      6.187530001625419
    ],
    "fetch_ms_avg": 6.187530001625419,
    "framework": "snpe",
    "init_code": 0,
    "init_ms": 142.09166300133802,
    "input_name": "input",
    "mode": 5,
    "model": "/home/fibo/fibocom_slz/modules/fiboaistack_229_env/outputs/radio_map_liteunet.dlc",
    "ok": true,
    "output_len": 65536,
    "output_max": 2.681326389312744,
    "output_mean": 0.6202075481414795,
    "output_min": -1.5266395807266235,
    "output_name": "output",
    "output_npy": "/home/fibo/fibocom_slz/modules/radio_map_qcs6490_deploy/outputs/snpe_gpu_repro_test100/samples/99_k0_cpu_snpe.npy",
    "release_code": 0,
    "repeat": 1,
    "runtime": "CPU",
    "sample": {
      "has_valid_mask": true,
      "has_y": true,
      "sample_path": "/home/fibo/fibocom_slz/modules/radio-map-estimation-workbench/modules/m2/runs/datas/features/v1_base_256_k1_landuse3/99_k0.npz",
      "x_shape_chw": [
        7,
        256,
        256
      ],
      "x_shape_nhwc": [
        1,
        256,
        256,
        7
      ]
    },
    "sample_id": "99_k0",
    "warmup": 1
  },
  "diff": {
    "abs_diff_max": 0.005303621292114258,
    "abs_diff_mean": 0.0011106542078778148,
    "cpu_max": 2.681326389312744,
    "cpu_mean": 0.6202075481414795,
    "cpu_min": -1.5266395807266235,
    "diff_mean": -0.0006122170016169548,
    "gpu_max": 2.677734375,
    "gpu_mean": 0.6195954084396362,
    "gpu_min": -1.525390625,
    "rmse": 0.0012629441916942596,
    "shape": [
      256,
      256
    ]
  },
  "gpu": {
    "execute_ms": [
      290.62981900642626
    ],
    "execute_ms_avg": 290.62981900642626,
    "execute_ms_max": 290.62981900642626,
    "execute_ms_min": 290.62981900642626,
    "fetch_ms": [
      19.70930298557505
    ],
    "fetch_ms_avg": 19.70930298557505,
    "framework": "snpe",
    "init_code": 0,
    "init_ms": 1072.174396016635,
    "input_name": "input",
    "mode": 5,
    "model": "/home/fibo/fibocom_slz/modules/fiboaistack_229_env/outputs/radio_map_liteunet.dlc",
    "ok": true,
    "output_len": 65536,
    "output_max": 2.677734375,
    "output_mean": 0.6195954084396362,
    "output_min": -1.525390625,
    "output_name": "output",
    "output_npy": "/home/fibo/fibocom_slz/modules/radio_map_qcs6490_deploy/outputs/snpe_gpu_repro_test100/samples/99_k0_gpu_snpe.npy",
    "release_code": 0,
    "repeat": 1,
    "runtime": "GPU",
    "sample": {
      "has_valid_mask": true,
      "has_y": true,
      "sample_path": "/home/fibo/fibocom_slz/modules/radio-map-estimation-workbench/modules/m2/runs/datas/features/v1_base_256_k1_landuse3/99_k0.npz",
      "x_shape_chw": [
        7,
        256,
        256
      ],
      "x_shape_nhwc": [
        1,
        256,
        256,
        7
      ]
    },
    "sample_id": "99_k0",
    "warmup": 1
  },
  "real_sample_metrics": {
    "cpu_gpu_dbm_diff": {
      "abs_diff_max_db": 0.067962646484375,
      "abs_diff_mean_db": 0.014230838976800442,
      "rmse_db": 0.016182128340005875
    },
    "cpu_vs_label": {
      "label_dbm_max": -82.75,
      "label_dbm_mean": -115.14096069335938,
      "label_dbm_min": -140.0,
      "mae_db": 0.9256319403648376,
      "pred_dbm_max": -88.22807312011719,
      "pred_dbm_mean": -114.63726806640625,
      "pred_dbm_min": -142.14491271972656,
      "psnr_db": 29.477931226252977,
      "rmse_db": 1.922555694368623,
      "valid_pixels": 65536
    },
    "gpu_vs_label": {
      "label_dbm_max": -82.75,
      "label_dbm_mean": -115.14096069335938,
      "label_dbm_min": -140.0,
      "mae_db": 0.9217299818992615,
      "pred_dbm_max": -88.27410125732422,
      "pred_dbm_mean": -114.6451187133789,
      "pred_dbm_min": -142.12890625,
      "psnr_db": 29.492121905778326,
      "rmse_db": 1.9194172596727728,
      "valid_pixels": 65536
    },
    "label_norm": {
      "type": "standard",
      "y_mean": -122.58401346206665,
      "y_std": 12.813038764458584
    },
    "ok": true
  },
  "sample_id": "99_k0"
}