{
  "cpu": {
    "execute_ms": [
      1340.8589929749724
    ],
    "execute_ms_avg": 1340.8589929749724,
    "execute_ms_max": 1340.8589929749724,
    "execute_ms_min": 1340.8589929749724,
    "fetch_ms": [
      6.478377006715164
    ],
    "fetch_ms_avg": 6.478377006715164,
    "framework": "snpe",
    "init_code": 0,
    "init_ms": 243.88903699582443,
    "input_name": "input",
    "mode": 5,
    "model": "/home/fibo/fibocom_slz/modules/fiboaistack_229_env/outputs/radio_map_liteunet.dlc",
    "ok": true,
    "output_len": 65536,
    "output_max": 2.6314878463745117,
    "output_mean": 0.39717501401901245,
    "output_min": -1.5232701301574707,
    "output_name": "output",
    "output_npy": "/home/fibo/fibocom_slz/modules/radio_map_qcs6490_deploy/outputs/recovery_timing_snpe_gpu_repro_20260705_042712/samples/166_k0_cpu_snpe.npy",
    "release_code": 0,
    "repeat": 1,
    "runtime": "CPU",
    "sample": {
      "has_valid_mask": true,
      "has_y": true,
      "sample_path": "/home/fibo/fibocom_slz/modules/radio-map-estimation-workbench/modules/m2/runs/datas/features/v1_base_256_k1_landuse3/166_k0.npz",
      "x_shape_chw": [
        7,
        256,
        256
      ],
      "x_shape_nhwc": [
        1,
        256,
        256,
        7
      ]
    },
    "sample_id": "166_k0",
    "warmup": 0
  },
  "diff": {
    "abs_diff_max": 0.00620805099606514,
    "abs_diff_mean": 0.0009582721395418048,
    "cpu_max": 2.6314878463745117,
    "cpu_mean": 0.39717501401901245,
    "cpu_min": -1.5232701301574707,
    "diff_mean": -0.00036564498441293836,
    "gpu_max": 2.62890625,
    "gpu_mean": 0.39680933952331543,
    "gpu_min": -1.521484375,
    "rmse": 0.0011502206325531006,
    "shape": [
      256,
      256
    ]
  },
  "gpu": {
    "execute_ms": [
      263.70241699623875
    ],
    "execute_ms_avg": 263.70241699623875,
    "execute_ms_max": 263.70241699623875,
    "execute_ms_min": 263.70241699623875,
    "fetch_ms": [
      22.38098400994204
    ],
    "fetch_ms_avg": 22.38098400994204,
    "framework": "snpe",
    "init_code": 0,
    "init_ms": 1305.200473027071,
    "input_name": "input",
    "mode": 5,
    "model": "/home/fibo/fibocom_slz/modules/fiboaistack_229_env/outputs/radio_map_liteunet.dlc",
    "ok": true,
    "output_len": 65536,
    "output_max": 2.62890625,
    "output_mean": 0.39680933952331543,
    "output_min": -1.521484375,
    "output_name": "output",
    "output_npy": "/home/fibo/fibocom_slz/modules/radio_map_qcs6490_deploy/outputs/recovery_timing_snpe_gpu_repro_20260705_042712/samples/166_k0_gpu_snpe.npy",
    "release_code": 0,
    "repeat": 1,
    "runtime": "GPU",
    "sample": {
      "has_valid_mask": true,
      "has_y": true,
      "sample_path": "/home/fibo/fibocom_slz/modules/radio-map-estimation-workbench/modules/m2/runs/datas/features/v1_base_256_k1_landuse3/166_k0.npz",
      "x_shape_chw": [
        7,
        256,
        256
      ],
      "x_shape_nhwc": [
        1,
        256,
        256,
        7
      ]
    },
    "sample_id": "166_k0",
    "warmup": 0
  },
  "real_sample_metrics": {
    "cpu_gpu_dbm_diff": {
      "abs_diff_max_db": 0.0795440673828125,
      "abs_diff_mean_db": 0.012278287671506405,
      "rmse_db": 0.014737686142325401
    },
    "cpu_vs_label": {
      "label_dbm_max": -77.75,
      "label_dbm_mean": -118.10601806640625,
      "label_dbm_min": -140.0,
      "mae_db": 1.4899998903274536,
      "pred_dbm_max": -88.86665344238281,
      "pred_dbm_mean": -117.49498748779297,
      "pred_dbm_min": -142.1017303466797,
      "psnr_db": 28.049419332792475,
      "rmse_db": 2.4641570813901326,
      "valid_pixels": 65536
    },
    "gpu_vs_label": {
      "label_dbm_max": -77.75,
      "label_dbm_mean": -118.10601806640625,
      "label_dbm_min": -140.0,
      "mae_db": 1.4915146827697754,
      "pred_dbm_max": -88.89973449707031,
      "pred_dbm_mean": -117.49967956542969,
      "pred_dbm_min": -142.078857421875,
      "psnr_db": 28.057336851400056,
      "rmse_db": 2.461911931958122,
      "valid_pixels": 65536
    },
    "label_norm": {
      "type": "standard",
      "y_mean": -122.58401346206665,
      "y_std": 12.813038764458584
    },
    "ok": true
  },
  "sample_id": "166_k0"
}