{
  "cases": [
    "fp32_gpu",
    "int8_gpu",
    "int8_dsp"
  ],
  "elapsed_sec": 351.3162581920624,
  "features_dir": "/home/fibo/fibocom_slz/modules/radio-map-estimation-workbench/modules/m2/runs/datas/features/v1_base_256_k1_landuse3",
  "fp32_model": "/home/fibo/fibocom_slz/modules/fiboaistack_229_env/outputs/radio_map_liteunet.dlc",
  "int8_model": "/home/fibo/fibocom_slz/modules/fiboaistack_229_env/outputs/snpe_quant_qemu82_full_20260703_075537/radio_map_liteunet_quantized.dlc",
  "limit": 50,
  "mean_fp32_gpu_mae_db": 2.2029827439785006,
  "mean_fp32_gpu_ms_avg": 301.52514506073203,
  "mean_fp32_gpu_ms_max": 301.52514506073203,
  "mean_fp32_gpu_ms_min": 301.52514506073203,
  "mean_fp32_gpu_rmse_db": 3.5490795046429153,
  "mean_int8_dsp_mae_db": 3.229755392074585,
  "mean_int8_dsp_ms_avg": 82.26306530239526,
  "mean_int8_dsp_ms_max": 82.26306530239526,
  "mean_int8_dsp_ms_min": 82.26306530239526,
  "mean_int8_dsp_rmse_db": 4.970285235929451,
  "mean_int8_dsp_speedup_vs_fp32_gpu": 3.6792766620234425,
  "mean_int8_dsp_speedup_vs_int8_gpu": 3.713963325788342,
  "mean_int8_dsp_vs_fp32_mae_db": 2.0998300647735597,
  "mean_int8_dsp_vs_fp32_max_abs_db": 23.832744598388672,
  "mean_int8_dsp_vs_fp32_rmse_db": 3.7114847755432128,
  "mean_int8_dsp_vs_gpu_mae_db": 2.096312463283539,
  "mean_int8_dsp_vs_gpu_max_abs_db": 23.669766387939454,
  "mean_int8_dsp_vs_gpu_rmse_db": 3.6978757572174072,
  "mean_int8_gpu_mae_db": 2.199279727935791,
  "mean_int8_gpu_ms_avg": 304.3220459384611,
  "mean_int8_gpu_ms_max": 304.3220459384611,
  "mean_int8_gpu_ms_min": 304.3220459384611,
  "mean_int8_gpu_rmse_db": 3.5530934110925596,
  "mean_int8_gpu_vs_fp32_mae_db": 0.13335896164178848,
  "mean_int8_gpu_vs_fp32_max_abs_db": 1.5322735595703125,
  "mean_int8_gpu_vs_fp32_rmse_db": 0.17501034647226332,
  "mode": 5,
  "num_failed": 0,
  "num_ok": 50,
  "num_samples": 50,
  "repeat": 1,
  "run_dir": "modules/radio_map_qcs6490_deploy/outputs/int8_repro_test50_20260703_131335",
  "split": "test",
  "summary_csv": "/home/fibo/fibocom_slz/modules/radio_map_qcs6490_deploy/outputs/int8_repro_test50_20260703_131335/summary.csv",
  "warmup": 1
}