{
  "cases": [
    "fp32_gpu",
    "int8_gpu",
    "int8_dsp"
  ],
  "elapsed_sec": 137.02650356292725,
  "features_dir": "/home/fibo/fibocom_slz/modules/radio-map-estimation-workbench/modules/m2/runs/datas/features/v1_base_256_k1_landuse3",
  "fp32_model": "/home/fibo/fibocom_slz/modules/fiboaistack_229_env/outputs/radio_map_liteunet.dlc",
  "int8_model": "/home/fibo/fibocom_slz/modules/fiboaistack_229_env/outputs/snpe_quant_qemu82_full_20260703_075537/radio_map_liteunet_quantized.dlc",
  "limit": 20,
  "mean_fp32_gpu_mae_db": 2.0262357622385023,
  "mean_fp32_gpu_ms_avg": 299.8357913485961,
  "mean_fp32_gpu_ms_max": 299.8357913485961,
  "mean_fp32_gpu_ms_min": 299.8357913485961,
  "mean_fp32_gpu_rmse_db": 3.2793649191114227,
  "mean_int8_dsp_mae_db": 3.2410671710968018,
  "mean_int8_dsp_ms_avg": 78.69621510180878,
  "mean_int8_dsp_ms_max": 78.69621510180878,
  "mean_int8_dsp_ms_min": 78.69621510180878,
  "mean_int8_dsp_rmse_db": 4.9412851010902,
  "mean_int8_dsp_speedup_vs_fp32_gpu": 3.825098956107249,
  "mean_int8_dsp_speedup_vs_int8_gpu": 3.7777455361240566,
  "mean_int8_dsp_vs_fp32_mae_db": 2.247080683708191,
  "mean_int8_dsp_vs_fp32_max_abs_db": 23.544353866577147,
  "mean_int8_dsp_vs_fp32_rmse_db": 3.8844207286834718,
  "mean_int8_dsp_vs_gpu_mae_db": 2.242758649587631,
  "mean_int8_dsp_vs_gpu_max_abs_db": 23.426109313964844,
  "mean_int8_dsp_vs_gpu_rmse_db": 3.8715378046035767,
  "mean_int8_gpu_mae_db": 2.0398546695709228,
  "mean_int8_gpu_ms_avg": 296.0172028513625,
  "mean_int8_gpu_ms_max": 296.0172028513625,
  "mean_int8_gpu_ms_min": 296.0172028513625,
  "mean_int8_gpu_rmse_db": 3.299124479289376,
  "mean_int8_gpu_vs_fp32_mae_db": 0.13950102627277375,
  "mean_int8_gpu_vs_fp32_max_abs_db": 1.475094985961914,
  "mean_int8_gpu_vs_fp32_rmse_db": 0.18404587619006635,
  "mode": 5,
  "num_failed": 0,
  "num_ok": 20,
  "num_samples": 20,
  "repeat": 1,
  "run_dir": "modules/radio_map_qcs6490_deploy/outputs/int8_dsp_accuracy_20260703_120803",
  "split": "test",
  "summary_csv": "/home/fibo/fibocom_slz/modules/radio_map_qcs6490_deploy/outputs/int8_dsp_accuracy_20260703_120803/summary.csv",
  "warmup": 1
}