{
  "cases": [
    "int8_gpu",
    "int8_dsp"
  ],
  "elapsed_sec": 444.72697353363037,
  "features_dir": "/home/fibo/fibocom_slz/modules/radio-map-estimation-workbench/modules/m2/runs/datas/features/v1_base_256_k1_landuse3",
  "fp32_model": "/home/fibo/fibocom_slz/modules/fiboaistack_229_env/outputs/radio_map_liteunet.dlc",
  "int8_model": "/home/fibo/fibocom_slz/modules/fiboaistack_229_env/outputs/snpe_quant_qemu82_full_20260703_075537/radio_map_liteunet_quantized.dlc",
  "limit": 100,
  "mean_int8_dsp_mae_db": 3.2539584112167357,
  "mean_int8_dsp_ms_avg": 78.42629110062262,
  "mean_int8_dsp_ms_max": 78.42629110062262,
  "mean_int8_dsp_ms_min": 78.42629110062262,
  "mean_int8_dsp_rmse_db": 4.98766637050905,
  "mean_int8_dsp_speedup_vs_int8_gpu": 3.815938994167281,
  "mean_int8_dsp_vs_gpu_mae_db": 2.1595620000362397,
  "mean_int8_dsp_vs_gpu_max_abs_db": 23.796136016845704,
  "mean_int8_dsp_vs_gpu_rmse_db": 3.7883561134338377,
  "mean_int8_gpu_mae_db": 2.1847639340162277,
  "mean_int8_gpu_ms_avg": 297.8364984621294,
  "mean_int8_gpu_ms_max": 297.8364984621294,
  "mean_int8_gpu_ms_min": 297.8364984621294,
  "mean_int8_gpu_rmse_db": 3.4750533102986703,
  "mode": 5,
  "num_failed": 0,
  "num_ok": 100,
  "num_samples": 100,
  "repeat": 1,
  "run_dir": "modules/radio_map_qcs6490_deploy/outputs/int8_gpu_dsp_repro_test100_20260703_133812",
  "split": "test",
  "summary_csv": "/home/fibo/fibocom_slz/modules/radio_map_qcs6490_deploy/outputs/int8_gpu_dsp_repro_test100_20260703_133812/summary.csv",
  "warmup": 1
}